image_id,file_name,image_path,ann_id,category_id,category_name,bbox_x,bbox_y,bbox_w,bbox_h,bbox_area,img_area,area_ratio,size_group
468332,000000468332.jpg,data/coco/val2017/000000468332.jpg,1310775,1,person,50.14,59.45,12.97,36.39,471.97830000000005,271360,0.0017393068248820755,small
132587,000000132587.jpg,data/coco/val2017/000000132587.jpg,2159193,1,person,232.59,0.46,32.85,35.07,1152.0495,272000,0.004235476102941177,small
158548,000000158548.jpg,data/coco/val2017/000000158548.jpg,224764,1,person,225.43,190.91,11.35,15.82,179.557,308480,0.0005820701504149377,small
412894,000000412894.jpg,data/coco/val2017/000000412894.jpg,2206114,1,person,397.08,410.66,10.62,29.88,317.32559999999995,273280,0.0011611738875878218,small
438955,000000438955.jpg,data/coco/val2017/000000438955.jpg,1304759,1,person,358.83,96.69,19.07,17.7,337.539,193920,0.0017406095297029702,small
163746,000000163746.jpg,data/coco/val2017/000000163746.jpg,1717230,1,person,328.49,252.64,10.67,7.73,82.4791,312320,0.0002640852330942623,small
1268,000000001268.jpg,data/coco/val2017/000000001268.jpg,216145,1,person,0.0,209.18,24.95,80.6,2010.9699999999998,273280,0.007358643149882904,small
164885,000000164885.jpg,data/coco/val2017/000000164885.jpg,1234027,1,person,167.75,305.34,8.31,19.86,165.0366,273280,0.000603910275175644,small
309391,000000309391.jpg,data/coco/val2017/000000309391.jpg,201901,1,person,604.28,269.66,22.7,86.89,1972.403,245760,0.008025728352864584,small
471789,000000471789.jpg,data/coco/val2017/000000471789.jpg,1751920,1,person,239.53,245.56,4.95,9.71,48.0645,307200,0.0001564599609375,small
393469,000000393469.jpg,data/coco/val2017/000000393469.jpg,466687,1,person,126.88,191.19,27.34,29.56,808.1704,307200,0.0026307630208333333,small
19109,000000019109.jpg,data/coco/val2017/000000019109.jpg,2025750,1,person,55.53,174.84,26.29,57.72,1517.4587999999999,273920,0.005539788259345794,small
224664,000000224664.jpg,data/coco/val2017/000000224664.jpg,494466,1,person,304.48,224.24,4.24,6.68,28.3232,307200,9.219791666666667e-05,small
142238,000000142238.jpg,data/coco/val2017/000000142238.jpg,2022622,1,person,269.79,124.15,26.43,60.84,1608.0012000000002,273280,0.005884079332552694,small
14439,000000014439.jpg,data/coco/val2017/000000014439.jpg,1755416,1,person,169.82,47.27,8.39,14.14,118.6346,258560,0.00045882812500000003,small
441553,000000441553.jpg,data/coco/val2017/000000441553.jpg,1332616,1,person,387.31,262.06,19.87,62.72,1246.2464,307200,0.004056791666666667,small
279927,000000279927.jpg,data/coco/val2017/000000279927.jpg,1215047,1,person,438.33,324.75,16.64,17.78,295.85920000000004,282880,0.0010458823529411767,small
171611,000000171611.jpg,data/coco/val2017/000000171611.jpg,207580,1,person,156.77,241.7,35.16,57.17,2010.0972,283520,0.007089789785553047,small
475387,000000475387.jpg,data/coco/val2017/000000475387.jpg,1709281,1,person,403.24,116.15,10.77,21.14,227.6778,275840,0.0008253980568445475,small
435206,000000435206.jpg,data/coco/val2017/000000435206.jpg,198481,1,person,424.41,199.7,28.44,75.95,2160.018,273280,0.007904047131147542,small
224724,000000224724.jpg,data/coco/val2017/000000224724.jpg,1684401,1,person,336.83,526.43,19.55,28.42,555.6110000000001,307200,0.001808629557291667,small
288430,000000288430.jpg,data/coco/val2017/000000288430.jpg,1749887,1,person,250.67,195.46,24.14,38.96,940.4944,187500,0.005015970133333334,small
252559,000000252559.jpg,data/coco/val2017/000000252559.jpg,1312284,1,person,25.33,458.76,21.89,70.85,1550.9064999999998,307200,0.005048523763020832,small
572900,000000572900.jpg,data/coco/val2017/000000572900.jpg,1303531,1,person,613.37,175.95,14.52,60.85,883.542,307200,0.0028761132812500003,small
3255,000000003255.jpg,data/coco/val2017/000000003255.jpg,504151,1,person,261.41,311.89,11.7,44.82,524.394,232320,0.002257205578512397,small
433515,000000433515.jpg,data/coco/val2017/000000433515.jpg,1742732,1,person,399.27,308.09,10.46,23.18,242.46280000000002,307200,0.0007892669270833333,small
3934,000000003934.jpg,data/coco/val2017/000000003934.jpg,2155391,1,person,259.46,142.44,19.06,20.77,395.8762,187500,0.002111339733333333,small
17959,000000017959.jpg,data/coco/val2017/000000017959.jpg,478072,1,person,122.96,340.41,22.75,63.5,1444.625,273280,0.0052862448770491805,small
57760,000000057760.jpg,data/coco/val2017/000000057760.jpg,1759651,1,person,238.65,202.81,5.69,19.04,108.33760000000001,156500,0.00069225303514377,small
122166,000000122166.jpg,data/coco/val2017/000000122166.jpg,223824,1,person,505.46,305.26,14.21,37.81,537.2801000000001,307200,0.0017489586588541669,small
26690,000000026690.jpg,data/coco/val2017/000000026690.jpg,2016851,1,person,196.4,489.47,25.67,46.55,1194.9385,273280,0.004372579405737704,small
17627,000000017627.jpg,data/coco/val2017/000000017627.jpg,2011679,1,person,187.03,226.28,16.01,22.49,360.0649,307200,0.0011720862630208333,small
159791,000000159791.jpg,data/coco/val2017/000000159791.jpg,2032619,1,person,166.19,282.66,25.47,43.36,1104.3791999999999,187500,0.005890022399999999,small
303818,000000303818.jpg,data/coco/val2017/000000303818.jpg,1746715,1,person,290.03,201.46,20.99,75.59,1586.6341,307200,0.005164824544270833,small
432898,000000432898.jpg,data/coco/val2017/000000432898.jpg,900100432898,1,person,77.0,282.0,10.0,15.0,150.0,250000,0.0006,small
252559,000000252559.jpg,data/coco/val2017/000000252559.jpg,1260674,1,person,45.65,458.63,22.73,68.89,1565.8697,307200,0.005097232096354167,small
233771,000000233771.jpg,data/coco/val2017/000000233771.jpg,2032130,1,person,484.05,393.67,31.08,75.9,2358.972,409600,0.005759208984375001,small
260106,000000260106.jpg,data/coco/val2017/000000260106.jpg,235864,1,person,72.02,408.44,22.95,79.67,1828.4265,240000,0.00761844375,small
562818,000000562818.jpg,data/coco/val2017/000000562818.jpg,1762387,1,person,448.0,230.97,8.25,11.22,92.56500000000001,307200,0.00030131835937500005,small
312237,000000312237.jpg,data/coco/val2017/000000312237.jpg,1323272,1,person,24.33,239.76,6.25,11.81,73.8125,167000,0.00044199101796407183,small
422836,000000422836.jpg,data/coco/val2017/000000422836.jpg,1239894,1,person,22.61,154.97,13.56,34.94,473.7864,76800,0.00616909375,small
204329,000000204329.jpg,data/coco/val2017/000000204329.jpg,255647,1,person,226.84,277.87,18.74,14.35,268.919,272000,0.000988672794117647,small
272148,000000272148.jpg,data/coco/val2017/000000272148.jpg,1245218,1,person,537.75,154.3,5.12,8.6,44.032,241920,0.000182010582010582,small
293200,000000293200.jpg,data/coco/val2017/000000293200.jpg,2163878,1,person,502.62,122.63,35.08,71.66,2513.8327999999997,273280,0.009198744145199063,small
125572,000000125572.jpg,data/coco/val2017/000000125572.jpg,2166345,1,person,277.72,335.56,7.56,27.74,209.71439999999998,273280,0.0007673975409836065,small
52891,000000052891.jpg,data/coco/val2017/000000052891.jpg,1296630,1,person,595.49,127.32,2.55,3.98,10.149,273280,3.713773419203747e-05,small
146667,000000146667.jpg,data/coco/val2017/000000146667.jpg,1240819,1,person,511.15,15.21,25.27,104.51,2640.9677,344960,0.007655866477272727,small
406611,000000406611.jpg,data/coco/val2017/000000406611.jpg,1735259,1,person,386.45,294.68,3.55,9.82,34.861,307200,0.00011347981770833333,small
228942,000000228942.jpg,data/coco/val2017/000000228942.jpg,545338,1,person,81.45,109.39,25.52,29.72,758.4544,204160,0.003715,small
277005,000000277005.jpg,data/coco/val2017/000000277005.jpg,1737564,1,person,595.89,276.47,11.69,48.35,565.2115,272640,0.0020731055604460095,small
211674,000000211674.jpg,data/coco/val2017/000000211674.jpg,1715860,1,person,264.43,84.22,16.49,22.81,376.13689999999997,259840,0.0014475711976600985,small
252559,000000252559.jpg,data/coco/val2017/000000252559.jpg,1290276,1,person,87.83,462.66,24.19,75.46,1825.3773999999999,307200,0.005941983723958333,small
432898,000000432898.jpg,data/coco/val2017/000000432898.jpg,2010740,1,person,342.39,283.27,17.9,22.81,408.2989999999999,250000,0.0016331959999999997,small
257566,000000257566.jpg,data/coco/val2017/000000257566.jpg,1689328,1,person,285.03,118.6,10.62,9.03,95.89859999999999,307200,0.00031216992187499995,small
311002,000000311002.jpg,data/coco/val2017/000000311002.jpg,1761131,1,person,619.13,147.83,20.87,61.25,1278.2875000000001,273280,0.004677574282786885,small
429690,000000429690.jpg,data/coco/val2017/000000429690.jpg,2012169,1,person,269.38,104.91,28.88,65.81,1900.5928,273280,0.00695474531615925,small
361103,000000361103.jpg,data/coco/val2017/000000361103.jpg,1307104,1,person,364.55,212.59,16.29,46.12,751.2947999999999,273280,0.0027491759367681496,small
332351,000000332351.jpg,data/coco/val2017/000000332351.jpg,1686972,1,person,24.42,190.98,17.82,20.12,358.5384,272640,0.00131506161971831,small
74092,000000074092.jpg,data/coco/val2017/000000074092.jpg,568373,1,person,0.6,231.83,29.14,24.46,712.7644,166000,0.004293761445783133,small
488251,000000488251.jpg,data/coco/val2017/000000488251.jpg,1218260,1,person,97.57,186.82,17.84,46.48,829.2031999999999,230400,0.0035989722222222217,small
523957,000000523957.jpg,data/coco/val2017/000000523957.jpg,1291464,1,person,32.69,310.94,21.93,28.7,629.391,273280,0.0023030993852459014,small
76468,000000076468.jpg,data/coco/val2017/000000076468.jpg,1679809,1,person,373.31,14.41,19.94,30.69,611.9586,307200,0.0019920527343750003,small
559348,000000559348.jpg,data/coco/val2017/000000559348.jpg,1698646,1,person,90.33,137.21,36.82,37.09,1365.6538,307200,0.004445487630208333,small
447314,000000447314.jpg,data/coco/val2017/000000447314.jpg,2034300,1,person,217.38,290.01,5.8,8.16,47.327999999999996,293120,0.00016146288209606985,small
342397,000000342397.jpg,data/coco/val2017/000000342397.jpg,533819,1,person,273.13,272.93,25.4,17.04,432.816,273280,0.001583782201405152,small
77460,000000077460.jpg,data/coco/val2017/000000077460.jpg,552407,1,person,146.59,554.86,5.45,13.63,74.2835,273920,0.0002711868428738318,small
266892,000000266892.jpg,data/coco/val2017/000000266892.jpg,1331599,1,person,428.57,145.64,23.97,25.62,614.1114,273280,0.0022471875,small
248334,000000248334.jpg,data/coco/val2017/000000248334.jpg,229692,1,person,469.42,186.72,18.01,34.3,617.743,187500,0.0032946293333333335,small
396863,000000396863.jpg,data/coco/val2017/000000396863.jpg,1217289,1,person,227.17,279.77,14.42,15.27,220.1934,272640,0.0008076342429577465,small
546823,000000546823.jpg,data/coco/val2017/000000546823.jpg,1242689,1,person,124.64,270.97,16.58,60.58,1004.4163999999998,307200,0.003269584635416666,small
213255,000000213255.jpg,data/coco/val2017/000000213255.jpg,349670,3,car,388.07,132.73,50.09,38.08,1907.4272,307200,0.0062090729166666666,small
19109,000000019109.jpg,data/coco/val2017/000000019109.jpg,1791159,4,motorcycle,600.4,260.87,39.05,36.3,1417.5149999999999,273920,0.0051749233352803735,small
336658,000000336658.jpg,data/coco/val2017/000000336658.jpg,167803,6,bus,405.88,256.64,73.1,24.04,1757.3239999999998,273920,0.006415464369158878,small
221754,000000221754.jpg,data/coco/val2017/000000221754.jpg,358965,3,car,85.15,258.85,21.57,12.23,263.8011,273280,0.0009653143296252928,small
477227,000000477227.jpg,data/coco/val2017/000000477227.jpg,1780888,3,car,517.26,161.91,12.98,6.89,89.4322,273280,0.0003272548302107728,small
115946,000000115946.jpg,data/coco/val2017/000000115946.jpg,1358864,3,car,154.46,500.26,32.67,35.43,1157.4981,307200,0.0037678974609375,small
210273,000000210273.jpg,data/coco/val2017/000000210273.jpg,2041206,3,car,584.03,122.14,39.13,36.37,1423.1581,273920,0.0051955246057243,small
326627,000000326627.jpg,data/coco/val2017/000000326627.jpg,364374,3,car,498.62,396.15,9.15,7.91,72.37650000000001,307200,0.00023560058593750002,small
158548,000000158548.jpg,data/coco/val2017/000000158548.jpg,1777831,3,car,543.07,193.34,4.58,3.66,16.762800000000002,308480,5.4339989626556026e-05,small
466416,000000466416.jpg,data/coco/val2017/000000466416.jpg,1778686,3,car,510.15,406.93,10.14,4.04,40.9656,272000,0.00015060882352941178,small
324158,000000324158.jpg,data/coco/val2017/000000324158.jpg,345846,3,car,44.2,161.19,36.78,13.78,506.8284,167000,0.0030349005988023954,small
447342,000000447342.jpg,data/coco/val2017/000000447342.jpg,2051963,8,truck,336.63,315.11,46.54,33.2,1545.1280000000002,266240,0.005803515625000001,small
276284,000000276284.jpg,data/coco/val2017/000000276284.jpg,140071,3,car,185.01,181.79,52.92,30.29,1602.9468,320000,0.00500920875,small
293324,000000293324.jpg,data/coco/val2017/000000293324.jpg,1373110,8,truck,586.65,314.76,38.32,14.6,559.472,259840,0.0021531403940886697,small
573943,000000573943.jpg,data/coco/val2017/000000573943.jpg,1367537,8,truck,531.5,200.76,52.01,40.7,2116.8070000000002,307200,0.006890647786458334,small
208423,000000208423.jpg,data/coco/val2017/000000208423.jpg,351703,3,car,330.27,421.27,57.14,37.76,2157.6064,307200,0.007023458333333334,small
82821,000000082821.jpg,data/coco/val2017/000000082821.jpg,1336863,2,bicycle,314.23,179.28,8.14,14.36,116.8904,273280,0.00042773126463700235,small
166391,000000166391.jpg,data/coco/val2017/000000166391.jpg,1374100,8,truck,173.11,353.14,16.45,15.23,250.5335,273280,0.000916764856557377,small
463849,000000463849.jpg,data/coco/val2017/000000463849.jpg,2170845,3,car,0.0,336.23,41.78,26.19,1094.2182,360960,0.003031411236702128,small
119516,000000119516.jpg,data/coco/val2017/000000119516.jpg,1790156,4,motorcycle,528.33,240.15,48.34,36.76,1776.9784,273280,0.00650240925058548,small
198805,000000198805.jpg,data/coco/val2017/000000198805.jpg,1352834,3,car,22.83,233.11,46.76,23.48,1097.9248,254720,0.004310320351758794,small
491464,000000491464.jpg,data/coco/val2017/000000491464.jpg,2043134,3,car,533.46,220.53,12.92,12.47,161.1124,273920,0.0005881731892523365,small
42070,000000042070.jpg,data/coco/val2017/000000042070.jpg,1341618,3,car,551.7,309.8,26.51,6.11,161.97610000000003,327680,0.0004943118286132814,small
460147,000000460147.jpg,data/coco/val2017/000000460147.jpg,364753,3,car,414.41,173.49,23.81,18.6,442.866,271360,0.0016320238797169811,small
98520,000000098520.jpg,data/coco/val2017/000000098520.jpg,1800513,8,truck,85.59,259.73,103.22,25.89,2672.3658,307200,0.008699107421875,small
175438,000000175438.jpg,data/coco/val2017/000000175438.jpg,1788171,3,car,283.37,224.69,24.65,15.6,384.53999999999996,299520,0.0012838541666666667,small
378139,000000378139.jpg,data/coco/val2017/000000378139.jpg,2035201,2,bicycle,3.57,229.43,62.03,19.15,1187.8745,273280,0.004346730459601873,small
84170,000000084170.jpg,data/coco/val2017/000000084170.jpg,1355468,3,car,219.17,261.78,10.92,17.4,190.00799999999998,307200,0.0006185156249999999,small
33759,000000033759.jpg,data/coco/val2017/000000033759.jpg,1339724,3,car,288.17,67.82,52.78,37.86,1998.2508,292480,0.006832093818380744,small
381971,000000381971.jpg,data/coco/val2017/000000381971.jpg,136844,3,car,468.69,273.48,58.18,17.71,1030.3678,273280,0.003770373975409836,small
266981,000000266981.jpg,data/coco/val2017/000000266981.jpg,145969,3,car,308.65,408.12,17.72,13.42,237.80239999999998,272640,0.0008722212441314553,small
474452,000000474452.jpg,data/coco/val2017/000000474452.jpg,2170485,3,car,250.55,195.67,14.43,13.37,192.92909999999998,187500,0.0010289551999999999,small
366178,000000366178.jpg,data/coco/val2017/000000366178.jpg,1191157,3,car,193.45,170.73,15.26,12.46,190.1396,187500,0.0010140778666666668,small
15517,000000015517.jpg,data/coco/val2017/000000015517.jpg,2050429,6,bus,182.43,270.25,71.6,7.88,564.208,307200,0.0018366145833333333,small
343976,000000343976.jpg,data/coco/val2017/000000343976.jpg,349458,3,car,378.18,249.54,20.49,12.71,260.4279,187500,0.0013889488000000001,small
466416,000000466416.jpg,data/coco/val2017/000000466416.jpg,1355297,3,car,506.33,403.7,7.01,6.69,46.8969,272000,0.00017241507352941176,small
326627,000000326627.jpg,data/coco/val2017/000000326627.jpg,364206,3,car,377.78,399.09,25.77,16.57,427.0089,307200,0.0013900029296875,small
44590,000000044590.jpg,data/coco/val2017/000000044590.jpg,1792888,4,motorcycle,485.11,113.73,49.85,30.49,1519.9265,157440,0.009654004700203252,small
463730,000000463730.jpg,data/coco/val2017/000000463730.jpg,2171111,4,motorcycle,82.03,229.93,16.7,25.54,426.518,273280,0.0015607362412177984,small
121242,000000121242.jpg,data/coco/val2017/000000121242.jpg,144676,3,car,58.85,196.19,5.6,7.86,44.016,274560,0.00016031468531468531,small
521819,000000521819.jpg,data/coco/val2017/000000521819.jpg,359056,3,car,75.51,374.29,16.18,12.95,209.53099999999998,307200,0.0006820670572916666,small
198928,000000198928.jpg,data/coco/val2017/000000198928.jpg,1794484,6,bus,125.59,368.12,80.48,17.8,1432.544,307200,0.004663229166666667,small
550691,000000550691.jpg,data/coco/val2017/000000550691.jpg,142910,3,car,447.61,282.01,14.25,3.56,50.730000000000004,307200,0.00016513671875,small
53994,000000053994.jpg,data/coco/val2017/000000053994.jpg,1785186,3,car,5.21,19.84,32.16,14.91,479.50559999999996,307840,0.00155764553014553,small
163057,000000163057.jpg,data/coco/val2017/000000163057.jpg,344957,3,car,577.04,268.35,12.52,7.05,88.26599999999999,307200,0.00028732421875,small
411938,000000411938.jpg,data/coco/val2017/000000411938.jpg,137916,3,car,98.37,175.63,21.62,14.05,303.761,273280,0.001111537617096019,small
395801,000000395801.jpg,data/coco/val2017/000000395801.jpg,1772148,3,car,495.85,279.84,8.18,7.02,57.42359999999999,307200,0.00018692578124999997,small
32941,000000032941.jpg,data/coco/val2017/000000032941.jpg,344720,3,car,315.63,194.71,34.62,30.34,1050.3708,293120,0.0035834156659388643,small
224051,000000224051.jpg,data/coco/val2017/000000224051.jpg,1342322,3,car,312.49,175.19,24.93,23.26,579.8718,273920,0.0021169385221962616,small
530470,000000530470.jpg,data/coco/val2017/000000530470.jpg,1772926,3,car,455.82,242.84,32.27,9.33,301.07910000000004,187500,0.0016057552000000002,small
314251,000000314251.jpg,data/coco/val2017/000000314251.jpg,155498,4,motorcycle,113.13,348.05,28.57,39.35,1124.2295000000001,307200,0.003659601236979167,small
350003,000000350003.jpg,data/coco/val2017/000000350003.jpg,344370,3,car,475.21,258.86,53.53,39.69,2124.6057,307200,0.0069160341796875,small
521141,000000521141.jpg,data/coco/val2017/000000521141.jpg,2037030,3,car,115.05,245.04,8.62,7.63,65.77059999999999,187500,0.00035077653333333324,small
309391,000000309391.jpg,data/coco/val2017/000000309391.jpg,1786944,3,car,384.83,146.87,28.07,26.06,731.5042,245760,0.0029764982096354164,small
295809,000000295809.jpg,data/coco/val2017/000000295809.jpg,357927,3,car,355.14,125.42,7.81,7.19,56.1539,327680,0.00017136810302734374,small
259690,000000259690.jpg,data/coco/val2017/000000259690.jpg,397973,8,truck,573.97,119.47,65.16,33.26,2167.2216,307200,0.0070547578125,small
175438,000000175438.jpg,data/coco/val2017/000000175438.jpg,1784582,3,car,238.0,213.45,23.67,16.84,398.6028,299520,0.0013308052884615385,small
432898,000000432898.jpg,data/coco/val2017/000000432898.jpg,2051921,8,truck,227.76,276.12,52.56,23.25,1222.02,250000,0.0048880799999999995,small
210394,000000210394.jpg,data/coco/val2017/000000210394.jpg,148545,4,motorcycle,243.07,243.12,9.04,15.06,136.14239999999998,307200,0.00044317187499999994,small
130699,000000130699.jpg,data/coco/val2017/000000130699.jpg,355679,3,car,523.45,240.37,36.23,51.81,1877.0763,273280,0.0068686925497658076,small
284445,000000284445.jpg,data/coco/val2017/000000284445.jpg,168229,6,bus,98.83,333.1,38.22,12.35,472.017,380160,0.0012416272095959597,small
177934,000000177934.jpg,data/coco/val2017/000000177934.jpg,143423,3,car,304.38,166.37,49.09,30.18,1481.5362,307200,0.004822708984375,small
457884,000000457884.jpg,data/coco/val2017/000000457884.jpg,2052715,8,truck,121.73,148.2,65.78,32.73,2152.9793999999997,293120,0.00734504435043668,small
7088,000000007088.jpg,data/coco/val2017/000000007088.jpg,1343756,3,car,47.29,181.92,11.82,9.81,115.95420000000001,305920,0.00037903438807531384,small
462756,000000462756.jpg,data/coco/val2017/000000462756.jpg,1344817,3,car,37.7,185.79,31.4,20.87,655.318,272640,0.0024036018192488263,small
480985,000000480985.jpg,data/coco/val2017/000000480985.jpg,1790096,4,motorcycle,343.74,296.41,17.74,10.65,188.93099999999998,187500,0.0010076319999999998,small
436738,000000436738.jpg,data/coco/val2017/000000436738.jpg,357808,3,car,451.12,346.64,48.88,34.65,1693.692,243000,0.006969925925925926,small
119911,000000119911.jpg,data/coco/val2017/000000119911.jpg,362741,3,car,126.95,60.74,20.38,13.28,270.64639999999997,272000,0.0009950235294117647,small
549390,000000549390.jpg,data/coco/val2017/000000549390.jpg,1769206,2,bicycle,598.96,210.09,19.23,34.26,658.8198,273280,0.0024107867388758783,small
174482,000000174482.jpg,data/coco/val2017/000000174482.jpg,1344072,3,car,364.21,86.57,31.29,23.67,740.6343,248320,0.002982580138530928,small
515025,000000515025.jpg,data/coco/val2017/000000515025.jpg,1772589,3,car,601.58,115.77,38.42,38.07,1462.6494,273280,0.005352200673302108,small
219271,000000219271.jpg,data/coco/val2017/000000219271.jpg,1369144,8,truck,318.64,263.74,24.19,34.85,843.0215000000001,175000,0.004817265714285715,small
463522,000000463522.jpg,data/coco/val2017/000000463522.jpg,2034784,2,bicycle,396.99,247.23,15.74,10.59,166.6866,307200,0.000542599609375,small
336658,000000336658.jpg,data/coco/val2017/000000336658.jpg,135062,3,car,133.21,260.44,40.74,14.43,587.8782,273920,0.0021461674941588784,small
111086,000000111086.jpg,data/coco/val2017/000000111086.jpg,1777097,3,car,72.61,253.53,25.95,30.56,793.0319999999999,168000,0.004720428571428571,small
166391,000000166391.jpg,data/coco/val2017/000000166391.jpg,1374033,8,truck,28.23,339.06,63.41,38.31,2429.2371,273280,0.008889187280444964,small
356612,000000356612.jpg,data/coco/val2017/000000356612.jpg,140728,3,car,283.14,164.19,35.01,38.11,1334.2311,266240,0.005011384840745192,small
350023,000000350023.jpg,data/coco/val2017/000000350023.jpg,2034926,2,bicycle,386.72,362.37,6.36,10.11,64.2996,307200,0.00020930859375,small
193717,000000193717.jpg,data/coco/val2017/000000193717.jpg,1354526,3,car,476.53,215.94,44.47,18.94,842.2618,333440,0.002525977087332054,small
55022,000000055022.jpg,data/coco/val2017/000000055022.jpg,1767580,2,bicycle,245.25,0.76,36.64,79.4,2909.2160000000003,307200,0.009470104166666668,small
394206,000000394206.jpg,data/coco/val2017/000000394206.jpg,1774269,3,car,0.03,308.34,17.85,42.56,759.6960000000001,307200,0.0024729687500000003,small
546823,000000546823.jpg,data/coco/val2017/000000546823.jpg,2034936,2,bicycle,319.66,281.15,33.75,30.63,1033.7625,307200,0.0033651123046875,small
393226,000000393226.jpg,data/coco/val2017/000000393226.jpg,356459,3,car,0.0,209.26,38.83,43.14,1675.1262,307200,0.005452884765625,small
338560,000000338560.jpg,data/coco/val2017/000000338560.jpg,346500,3,car,56.18,165.31,81.33,35.35,2875.0155,307200,0.0093587744140625,small
141671,000000141671.jpg,data/coco/val2017/000000141671.jpg,152496,4,motorcycle,356.54,251.97,55.79,28.41,1584.9939,214400,0.007392695429104477,small
327890,000000327890.jpg,data/coco/val2017/000000327890.jpg,363714,3,car,557.14,198.99,12.25,14.26,174.685,307200,0.0005686360677083334,small
496722,000000496722.jpg,data/coco/val2017/000000496722.jpg,2044941,3,car,332.36,147.62,8.53,5.43,46.317899999999995,230400,0.0002010325520833333,small
109441,000000109441.jpg,data/coco/val2017/000000109441.jpg,2037629,3,car,125.06,421.91,20.41,9.81,200.2221,307200,0.0006517646484375001,small
419408,000000419408.jpg,data/coco/val2017/000000419408.jpg,358640,3,car,141.18,193.7,54.99,27.62,1518.8238000000001,274560,0.005531846590909092,small
147725,000000147725.jpg,data/coco/val2017/000000147725.jpg,1782254,3,car,121.14,172.0,14.79,24.96,369.1584,251520,0.001467709923664122,small
160728,000000160728.jpg,data/coco/val2017/000000160728.jpg,245134,3,car,470.3,236.47,17.74,8.08,143.33919999999998,272640,0.0005257453051643191,small
338624,000000338624.jpg,data/coco/val2017/000000338624.jpg,137739,3,car,6.56,87.16,16.94,12.58,213.10520000000002,230400,0.000924935763888889,small
453841,000000453841.jpg,data/coco/val2017/000000453841.jpg,356878,3,car,459.72,170.29,39.16,28.59,1119.5844,169500,0.006605217699115044,small
369812,000000369812.jpg,data/coco/val2017/000000369812.jpg,1365705,6,bus,306.15,485.66,56.76,37.64,2136.4464,407680,0.005240498430141287,small
11511,000000011511.jpg,data/coco/val2017/000000011511.jpg,1360514,4,motorcycle,483.81,50.53,46.84,50.0,2342.0,296960,0.007886584051724137,small
126592,000000126592.jpg,data/coco/val2017/000000126592.jpg,1358110,3,car,202.24,253.82,57.02,28.01,1597.1302000000003,277120,0.0057633162528868374,small
221754,000000221754.jpg,data/coco/val2017/000000221754.jpg,1373849,8,truck,152.11,261.03,35.53,17.86,634.5658,273280,0.002322035275175644,small
490936,000000490936.jpg,data/coco/val2017/000000490936.jpg,1791579,4,motorcycle,393.63,187.63,20.73,38.6,800.178,307200,0.00260474609375,small
170545,000000170545.jpg,data/coco/val2017/000000170545.jpg,357474,3,car,283.52,291.81,22.13,14.61,323.3193,307200,0.0010524716796875,small
555597,000000555597.jpg,data/coco/val2017/000000555597.jpg,2045930,3,car,420.27,373.82,21.25,7.33,155.7625,330880,0.0004707522364603481,small
356169,000000356169.jpg,data/coco/val2017/000000356169.jpg,357174,3,car,351.45,322.61,10.51,9.23,97.0073,307200,0.00031577897135416665,small
428454,000000428454.jpg,data/coco/val2017/000000428454.jpg,1357575,3,car,173.58,135.39,30.9,8.19,253.07099999999997,166500,0.0015199459459459457,small
153011,000000153011.jpg,data/coco/val2017/000000153011.jpg,2041798,3,car,363.17,211.57,18.22,9.22,167.9884,307200,0.0005468372395833334,small
227511,000000227511.jpg,data/coco/val2017/000000227511.jpg,1786506,3,car,138.14,260.86,15.24,8.03,122.37719999999999,187500,0.0006526784,small
432898,000000432898.jpg,data/coco/val2017/000000432898.jpg,2054188,8,truck,458.92,272.83,35.51,34.57,1227.5807,250000,0.0049103228,small
266981,000000266981.jpg,data/coco/val2017/000000266981.jpg,1359471,3,car,198.58,404.45,17.47,7.49,130.8503,272640,0.0004799380134976526,small
495054,000000495054.jpg,data/coco/val2017/000000495054.jpg,1373321,8,truck,383.39,272.28,67.72,18.03,1220.9916,277120,0.00440600317551963,small
266981,000000266981.jpg,data/coco/val2017/000000266981.jpg,267545,3,car,175.81,408.73,10.5,5.33,55.965,272640,0.00020527068661971832,small
323828,000000323828.jpg,data/coco/val2017/000000323828.jpg,1786151,3,car,208.5,10.86,39.5,9.87,389.86499999999995,273280,0.0014266137295081964,small
101884,000000101884.jpg,data/coco/val2017/000000101884.jpg,1373354,8,truck,162.25,361.95,17.53,17.1,299.76300000000003,272640,0.0010994828345070424,small
427338,000000427338.jpg,data/coco/val2017/000000427338.jpg,153530,4,motorcycle,352.9,203.58,40.68,31.73,1290.7764,253440,0.005093025568181818,small
226802,000000226802.jpg,data/coco/val2017/000000226802.jpg,140955,3,car,519.37,192.93,50.64,23.99,1214.8536,230400,0.005272802083333333,small
378139,000000378139.jpg,data/coco/val2017/000000378139.jpg,1353533,3,car,520.83,213.9,20.68,11.04,228.30719999999997,273280,0.0008354332552693208,small
99114,000000099114.jpg,data/coco/val2017/000000099114.jpg,129644,2,bicycle,195.36,174.19,10.85,18.81,204.08849999999998,167500,0.0012184388059701492,small
52412,000000052412.jpg,data/coco/val2017/000000052412.jpg,1353115,3,car,377.36,376.55,12.18,13.39,163.0902,272640,0.0005981888204225353,small
26204,000000026204.jpg,data/coco/val2017/000000026204.jpg,1355313,3,car,388.2,246.65,44.58,24.11,1074.8238,273280,0.0039330496194379385,small
183246,000000183246.jpg,data/coco/val2017/000000183246.jpg,1351958,3,car,396.51,293.22,35.38,27.48,972.2424000000001,200000,0.004861212,small
57149,000000057149.jpg,data/coco/val2017/000000057149.jpg,1771409,3,car,333.28,263.9,75.08,10.57,793.5956,273280,0.002903965163934426,small
338624,000000338624.jpg,data/coco/val2017/000000338624.jpg,2040629,3,car,24.22,89.08,6.11,13.02,79.5522,230400,0.00034527864583333334,small
392722,000000392722.jpg,data/coco/val2017/000000392722.jpg,138749,3,car,354.83,267.88,21.72,17.1,371.41200000000003,270720,0.0013719414893617022,small
365642,000000365642.jpg,data/coco/val2017/000000365642.jpg,360562,3,car,106.67,44.39,62.48,37.63,2351.1224,272640,0.008623541666666668,small
177861,000000177861.jpg,data/coco/val2017/000000177861.jpg,1190928,2,bicycle,464.14,376.58,15.86,52.22,828.2091999999999,307200,0.002695993489583333,small
488251,000000488251.jpg,data/coco/val2017/000000488251.jpg,1349489,3,car,545.0,186.65,37.51,12.63,473.7513,230400,0.0020562122395833336,small
414385,000000414385.jpg,data/coco/val2017/000000414385.jpg,364956,3,car,127.5,279.73,24.94,19.36,482.83840000000004,307200,0.0015717395833333334,small
513181,000000513181.jpg,data/coco/val2017/000000513181.jpg,1350552,3,car,373.61,281.56,14.26,5.53,78.8578,270720,0.0002912891548463357,small
185157,000000185157.jpg,data/coco/val2017/000000185157.jpg,1769296,2,bicycle,57.68,555.67,37.37,19.21,717.8777,272640,0.002633060812793427,small
490936,000000490936.jpg,data/coco/val2017/000000490936.jpg,1768920,2,bicycle,340.04,229.29,37.36,39.32,1468.9952,307200,0.004781885416666667,small
254814,000000254814.jpg,data/coco/val2017/000000254814.jpg,1362975,4,motorcycle,125.2,234.44,27.96,30.49,852.5004,307200,0.00277506640625,small
378139,000000378139.jpg,data/coco/val2017/000000378139.jpg,1351066,3,car,470.82,214.68,23.76,13.72,325.98720000000003,273280,0.0011928688524590165,small
372260,000000372260.jpg,data/coco/val2017/000000372260.jpg,2042290,3,car,3.42,297.96,31.95,15.49,494.9055,273280,0.0018109832406323185,small
336658,000000336658.jpg,data/coco/val2017/000000336658.jpg,900100336658,1,person,114.0,248.0,452.0,30.0,13560.0,273920,0.04950350467289719,medium
382125,000000382125.jpg,data/coco/val2017/000000382125.jpg,1258198,1,person,296.55,153.89,64.12,204.1,13086.892,307200,0.042600559895833334,medium
68387,000000068387.jpg,data/coco/val2017/000000068387.jpg,520057,1,person,8.63,6.47,61.48,112.18,6896.8264,307200,0.022450606770833333,medium
6471,000000006471.jpg,data/coco/val2017/000000006471.jpg,1753493,1,person,17.55,96.95,50.82,52.25,2655.345,166500,0.015948018018018015,medium
249180,000000249180.jpg,data/coco/val2017/000000249180.jpg,458241,1,person,139.76,210.85,60.73,203.38,12351.267399999999,273280,0.04519638246487119,medium
260470,000000260470.jpg,data/coco/val2017/000000260470.jpg,1212485,1,person,607.13,0.08,32.87,187.74,6171.0138,273280,0.022581285860655737,medium
571598,000000571598.jpg,data/coco/val2017/000000571598.jpg,542647,1,person,162.84,252.74,58.72,53.02,3113.3344,307200,0.010134552083333333,medium
538236,000000538236.jpg,data/coco/val2017/000000538236.jpg,1251741,1,person,206.2,0.68,78.83,80.0,6306.4,273920,0.023022780373831774,medium
477288,000000477288.jpg,data/coco/val2017/000000477288.jpg,544155,1,person,426.04,202.67,53.83,148.64,8001.291199999999,307200,0.026045869791666662,medium
450399,000000450399.jpg,data/coco/val2017/000000450399.jpg,509269,1,person,205.1,49.5,113.83,125.64,14301.6012,307200,0.046554691406249994,medium
74457,000000074457.jpg,data/coco/val2017/000000074457.jpg,452427,1,person,432.78,157.35,39.75,93.22,3705.495,232960,0.01590614268543956,medium
450303,000000450303.jpg,data/coco/val2017/000000450303.jpg,258047,1,person,522.17,205.42,53.18,61.88,3290.7784,307200,0.010712169270833334,medium
410496,000000410496.jpg,data/coco/val2017/000000410496.jpg,569691,1,person,0.65,128.24,48.27,90.61,4373.7447,273280,0.016004627854215456,medium
430961,000000430961.jpg,data/coco/val2017/000000430961.jpg,1209576,1,person,299.6,116.66,52.7,81.83,4312.441,143550,0.03004138627655869,medium
319369,000000319369.jpg,data/coco/val2017/000000319369.jpg,464561,1,person,478.79,205.47,66.15,121.4,8030.6100000000015,276480,0.029045898437500006,medium
303566,000000303566.jpg,data/coco/val2017/000000303566.jpg,1750215,1,person,426.08,74.0,54.88,119.55,6560.904,272640,0.0240643485915493,medium
439180,000000439180.jpg,data/coco/val2017/000000439180.jpg,1324548,1,person,200.46,160.12,52.26,140.22,7327.897199999999,230400,0.031805109374999994,medium
406611,000000406611.jpg,data/coco/val2017/000000406611.jpg,1688396,1,person,438.0,336.75,40.85,109.87,4488.1895,307200,0.014609991861979168,medium
505789,000000505789.jpg,data/coco/val2017/000000505789.jpg,1722972,1,person,334.93,363.78,43.44,146.44,6361.3535999999995,307200,0.020707531249999998,medium
212453,000000212453.jpg,data/coco/val2017/000000212453.jpg,1692177,1,person,138.1,0.0,63.63,108.67,6914.672100000001,307200,0.022508698242187503,medium
493905,000000493905.jpg,data/coco/val2017/000000493905.jpg,1299574,1,person,403.37,115.51,60.58,62.23,3769.8934,365440,0.010316039295096321,medium
438955,000000438955.jpg,data/coco/val2017/000000438955.jpg,1290953,1,person,493.36,92.18,64.9,116.77,7578.3730000000005,193920,0.03907989377062707,medium
148508,000000148508.jpg,data/coco/val2017/000000148508.jpg,1206602,1,person,456.44,187.68,51.39,209.46,10764.1494,272000,0.039574078676470587,medium
441553,000000441553.jpg,data/coco/val2017/000000441553.jpg,1332686,1,person,442.25,275.81,37.75,125.12,4723.28,307200,0.015375260416666666,medium
204186,000000204186.jpg,data/coco/val2017/000000204186.jpg,1269248,1,person,83.45,47.44,61.25,68.14,4173.575,328320,0.012711912158869396,medium
138979,000000138979.jpg,data/coco/val2017/000000138979.jpg,252531,1,person,48.82,225.92,39.25,149.34,5861.595,272640,0.02149939480633803,medium
294695,000000294695.jpg,data/coco/val2017/000000294695.jpg,1709108,1,person,606.46,187.4,33.54,143.15,4801.251,273280,0.017568980532786885,medium
57150,000000057150.jpg,data/coco/val2017/000000057150.jpg,1281612,1,person,79.91,31.61,30.73,74.85,2300.1405,76800,0.02994974609375,medium
559842,000000559842.jpg,data/coco/val2017/000000559842.jpg,1268611,1,person,332.88,185.89,81.5,166.72,13587.68,273280,0.04972072599531616,medium
142324,000000142324.jpg,data/coco/val2017/000000142324.jpg,1678241,1,person,193.56,171.91,67.9,168.99,11474.421000000002,307200,0.037351630859375005,medium
157767,000000157767.jpg,data/coco/val2017/000000157767.jpg,265849,1,person,131.71,185.16,47.13,160.1,7545.513,273280,0.02761092286299766,medium
83172,000000083172.jpg,data/coco/val2017/000000083172.jpg,521171,1,person,54.82,0.0,43.31,110.14,4770.1634,273280,0.017455223214285717,medium
15335,000000015335.jpg,data/coco/val2017/000000015335.jpg,1282318,1,person,508.83,35.38,49.41,129.28,6387.7248,307200,0.020793375,medium
72795,000000072795.jpg,data/coco/val2017/000000072795.jpg,1676150,1,person,335.74,371.27,93.08,108.73,10120.5884,307200,0.03294462369791667,medium
365521,000000365521.jpg,data/coco/val2017/000000365521.jpg,555492,1,person,13.21,139.98,38.68,89.12,3447.1616000000004,273920,0.012584556074766357,medium
566923,000000566923.jpg,data/coco/val2017/000000566923.jpg,2150651,1,person,19.93,6.63,41.52,104.79,4350.880800000001,272640,0.015958336267605636,medium
212453,000000212453.jpg,data/coco/val2017/000000212453.jpg,1741115,1,person,406.07,0.0,47.54,96.43,4584.282200000001,307200,0.014922793619791668,medium
562818,000000562818.jpg,data/coco/val2017/000000562818.jpg,900100562818,1,person,353.0,229.0,180.0,39.0,7020.0,307200,0.0228515625,medium
439593,000000439593.jpg,data/coco/val2017/000000439593.jpg,193340,1,person,0.0,199.44,34.67,161.8,5609.606000000001,307200,0.01826043619791667,medium
326541,000000326541.jpg,data/coco/val2017/000000326541.jpg,1206676,1,person,295.83,139.13,50.99,102.87,5245.3413,230400,0.02276623828125,medium
85682,000000085682.jpg,data/coco/val2017/000000085682.jpg,2149095,1,person,478.32,313.75,30.57,92.05,2813.9685,273280,0.01029701588114754,medium
513041,000000513041.jpg,data/coco/val2017/000000513041.jpg,1721432,1,person,569.53,0.0,70.47,181.21,12769.8687,307200,0.0415685830078125,medium
229849,000000229849.jpg,data/coco/val2017/000000229849.jpg,1313406,1,person,138.62,246.11,71.13,45.19,3214.3646999999996,273280,0.011762165910421543,medium
448410,000000448410.jpg,data/coco/val2017/000000448410.jpg,2151894,1,person,97.09,230.6,36.71,116.47,4275.6137,279680,0.015287520380434782,medium
553731,000000553731.jpg,data/coco/val2017/000000553731.jpg,1711812,1,person,583.81,193.32,55.79,228.91,12770.8889,273920,0.04662269604264019,medium
481390,000000481390.jpg,data/coco/val2017/000000481390.jpg,1310783,1,person,27.27,35.02,66.84,161.56,10798.6704,307200,0.035151921875000006,medium
520707,000000520707.jpg,data/coco/val2017/000000520707.jpg,1743704,1,person,431.08,152.48,29.7,134.19,3985.4429999999998,307200,0.012973447265624998,medium
322163,000000322163.jpg,data/coco/val2017/000000322163.jpg,545662,1,person,601.2,181.7,37.98,88.28,3352.8743999999997,307200,0.0109143046875,medium
408696,000000408696.jpg,data/coco/val2017/000000408696.jpg,1245345,1,person,451.91,29.14,56.34,54.93,3094.7562000000003,307200,0.010074076171875002,medium
381587,000000381587.jpg,data/coco/val2017/000000381587.jpg,1213436,1,person,48.41,199.47,125.42,64.99,8151.0458,273920,0.02975703051985981,medium
24021,000000024021.jpg,data/coco/val2017/000000024021.jpg,1332404,1,person,170.23,130.31,50.19,89.04,4468.9176,249600,0.017904317307692305,medium
395801,000000395801.jpg,data/coco/val2017/000000395801.jpg,1237677,1,person,253.89,320.07,51.73,147.87,7649.3151,307200,0.024900114257812498,medium
128372,000000128372.jpg,data/coco/val2017/000000128372.jpg,187883,1,person,445.51,222.34,32.37,97.83,3166.7571,273280,0.011587957772248242,medium
297562,000000297562.jpg,data/coco/val2017/000000297562.jpg,540492,1,person,430.92,54.72,32.07,127.27,4081.5489,307200,0.0132862919921875,medium
157767,000000157767.jpg,data/coco/val2017/000000157767.jpg,266469,1,person,30.99,201.29,48.53,169.52,8226.805600000002,273280,0.03010394320843092,medium
279927,000000279927.jpg,data/coco/val2017/000000279927.jpg,1742669,1,person,189.71,236.82,68.4,141.99,9712.116000000002,282880,0.03433298925339367,medium
78915,000000078915.jpg,data/coco/val2017/000000078915.jpg,1753152,1,person,38.75,0.0,76.69,46.36,3555.3484,307840,0.011549338617463618,medium
274066,000000274066.jpg,data/coco/val2017/000000274066.jpg,495157,1,person,406.2,109.67,116.01,117.34,13612.6134,273280,0.04981196355386417,medium
78915,000000078915.jpg,data/coco/val2017/000000078915.jpg,1286461,1,person,243.06,5.75,74.78,79.1,5915.098,307840,0.019214845374220375,medium
500478,000000500478.jpg,data/coco/val2017/000000500478.jpg,2206760,1,person,78.2,173.06,32.22,71.25,2295.6749999999997,210560,0.010902711816109422,medium
300341,000000300341.jpg,data/coco/val2017/000000300341.jpg,1742117,1,person,0.31,350.83,61.61,76.17,4692.8337,273280,0.017172254464285715,medium
507975,000000507975.jpg,data/coco/val2017/000000507975.jpg,212474,1,person,281.77,14.46,97.93,138.62,13575.056600000002,307200,0.04418963736979167,medium
388056,000000388056.jpg,data/coco/val2017/000000388056.jpg,1319154,1,person,267.77,0.0,39.52,46.16,1824.2432000000001,166000,0.01098941686746988,medium
512836,000000512836.jpg,data/coco/val2017/000000512836.jpg,1243067,1,person,62.06,78.06,53.24,153.72,8184.0528,307200,0.026640796875,medium
275749,000000275749.jpg,data/coco/val2017/000000275749.jpg,1213166,1,person,158.47,72.94,46.22,50.61,2339.1942,187500,0.0124757024,medium
229659,000000229659.jpg,data/coco/val2017/000000229659.jpg,2206198,1,person,129.19,128.83,82.96,84.15,6981.084,307200,0.0227248828125,medium
52996,000000052996.jpg,data/coco/val2017/000000052996.jpg,1723943,1,person,560.12,101.52,62.93,104.44,6572.4092,272640,0.024106547828638497,medium
161978,000000161978.jpg,data/coco/val2017/000000161978.jpg,1318248,1,person,179.04,297.75,51.57,74.92,3863.6244,277120,0.013942062644341802,medium
284743,000000284743.jpg,data/coco/val2017/000000284743.jpg,2150120,1,person,188.43,56.73,82.64,121.49,10039.9336,272000,0.0369115205882353,medium
18491,000000018491.jpg,data/coco/val2017/000000018491.jpg,1277912,1,person,69.7,95.37,53.1,122.1,6483.51,273280,0.023724787763466045,medium
208423,000000208423.jpg,data/coco/val2017/000000208423.jpg,345538,3,car,349.01,451.31,110.88,28.69,3181.1472,307200,0.010355296875,medium
177934,000000177934.jpg,data/coco/val2017/000000177934.jpg,137078,3,car,457.65,157.53,97.72,73.98,7229.3256,307200,0.0235329609375,medium
263594,000000263594.jpg,data/coco/val2017/000000263594.jpg,2039625,3,car,45.45,165.2,82.58,24.56,2028.1647999999998,190500,0.0106465343832021,medium
315187,000000315187.jpg,data/coco/val2017/000000315187.jpg,136756,3,car,194.95,350.42,125.95,51.05,6429.7474999999995,286720,0.022425179617745535,medium
476704,000000476704.jpg,data/coco/val2017/000000476704.jpg,343982,2,bicycle,497.9,280.53,54.38,105.78,5752.316400000001,273920,0.020999986857476637,medium
346232,000000346232.jpg,data/coco/val2017/000000346232.jpg,1370319,8,truck,341.05,315.79,85.84,70.2,6025.968000000001,273280,0.022050526932084313,medium
67213,000000067213.jpg,data/coco/val2017/000000067213.jpg,143398,3,car,141.69,324.6,100.27,80.66,8087.7782,310400,0.026055986469072163,medium
263594,000000263594.jpg,data/coco/val2017/000000263594.jpg,2051788,8,truck,16.37,148.31,67.04,39.25,2631.32,190500,0.013812703412073492,medium
384468,000000384468.jpg,data/coco/val2017/000000384468.jpg,1780752,3,car,0.0,262.97,91.75,107.21,9836.5175,307200,0.03201991373697917,medium
127263,000000127263.jpg,data/coco/val2017/000000127263.jpg,1772102,3,car,501.43,106.88,138.57,67.52,9356.246399999998,273280,0.03423685011709601,medium
158548,000000158548.jpg,data/coco/val2017/000000158548.jpg,1371867,8,truck,327.85,161.21,147.64,36.91,5449.392399999999,308480,0.017665302126556013,medium
511999,000000511999.jpg,data/coco/val2017/000000511999.jpg,136125,3,car,524.22,212.59,81.32,62.78,5105.2696,285440,0.017885613789237666,medium
314914,000000314914.jpg,data/coco/val2017/000000314914.jpg,1196280,8,truck,342.78,265.51,137.22,101.56,13936.0632,307200,0.0453647890625,medium
54593,000000054593.jpg,data/coco/val2017/000000054593.jpg,1775432,3,car,0.0,57.87,64.3,117.08,7528.244,273280,0.027547731264637002,medium
78748,000000078748.jpg,data/coco/val2017/000000078748.jpg,155431,4,motorcycle,544.57,323.95,95.43,147.44,14070.199200000001,307200,0.045801429687500006,medium
492077,000000492077.jpg,data/coco/val2017/000000492077.jpg,241573,2,bicycle,266.73,239.27,34.16,94.64,3232.9023999999995,307200,0.010523770833333331,medium
380706,000000380706.jpg,data/coco/val2017/000000380706.jpg,165954,6,bus,221.27,104.56,121.26,84.59,10257.3834,272640,0.037622444982394365,medium
338625,000000338625.jpg,data/coco/val2017/000000338625.jpg,133570,3,car,10.32,236.07,115.62,41.29,4773.9498,307200,0.015540201171875,medium
334555,000000334555.jpg,data/coco/val2017/000000334555.jpg,139744,3,car,448.82,182.37,131.57,78.41,10316.403699999999,272640,0.037838922021713614,medium
470173,000000470173.jpg,data/coco/val2017/000000470173.jpg,126772,2,bicycle,226.43,173.9,72.37,45.36,3282.7032000000004,285440,0.011500501681614352,medium
550691,000000550691.jpg,data/coco/val2017/000000550691.jpg,141621,3,car,116.23,285.85,85.03,71.03,6039.6809,307200,0.01966041959635417,medium
214200,000000214200.jpg,data/coco/val2017/000000214200.jpg,364952,3,car,303.31,487.47,121.44,47.58,5778.115199999999,273280,0.021143571428571425,medium
26204,000000026204.jpg,data/coco/val2017/000000026204.jpg,2171909,8,truck,430.62,245.71,92.77,58.79,5453.9483,273280,0.019957363509953162,medium
33854,000000033854.jpg,data/coco/val2017/000000033854.jpg,155347,4,motorcycle,369.61,215.5,68.21,46.13,3146.5272999999997,273280,0.011513931864754098,medium
178982,000000178982.jpg,data/coco/val2017/000000178982.jpg,149781,4,motorcycle,322.27,282.66,46.73,77.45,3619.2385,273280,0.013243700600117096,medium
261982,000000261982.jpg,data/coco/val2017/000000261982.jpg,1776087,3,car,357.69,110.26,99.31,90.43,8980.6033,292480,0.03070501675328228,medium
579902,000000579902.jpg,data/coco/val2017/000000579902.jpg,242532,3,car,0.0,238.05,195.14,87.3,17035.721999999998,355840,0.04787466839028776,medium
26926,000000026926.jpg,data/coco/val2017/000000026926.jpg,348515,3,car,61.03,187.51,76.02,43.05,3272.6609999999996,270720,0.012088730053191488,medium
425925,000000425925.jpg,data/coco/val2017/000000425925.jpg,360082,3,car,160.86,411.86,80.99,47.05,3810.5794999999994,299520,0.012722287326388887,medium
100624,000000100624.jpg,data/coco/val2017/000000100624.jpg,1775151,3,car,0.0,252.4,54.69,163.64,8949.471599999999,273280,0.03274835919203747,medium
94751,000000094751.jpg,data/coco/val2017/000000094751.jpg,344944,3,car,313.05,274.0,61.95,36.08,2235.156,187500,0.011920832,medium
524108,000000524108.jpg,data/coco/val2017/000000524108.jpg,1361620,4,motorcycle,262.81,0.0,151.09,53.67,8109.000300000001,256000,0.031675782421875,medium
26204,000000026204.jpg,data/coco/val2017/000000026204.jpg,135913,3,car,374.63,257.99,134.66,72.54,9768.2364,273280,0.03574442476580796,medium
574425,000000574425.jpg,data/coco/val2017/000000574425.jpg,1794523,6,bus,69.63,144.07,99.72,97.8,9752.616,270080,0.036110100710900477,medium
214200,000000214200.jpg,data/coco/val2017/000000214200.jpg,364995,3,car,327.4,454.39,99.39,34.81,3459.7659000000003,273280,0.012660150395199065,medium
198805,000000198805.jpg,data/coco/val2017/000000198805.jpg,354865,3,car,53.5,249.3,82.33,54.24,4465.5792,254720,0.017531325376884423,medium
19109,000000019109.jpg,data/coco/val2017/000000019109.jpg,155874,4,motorcycle,361.39,256.78,43.25,91.82,3971.2149999999997,273920,0.014497718311915887,medium
277005,000000277005.jpg,data/coco/val2017/000000277005.jpg,127006,2,bicycle,15.72,321.24,112.78,62.82,7084.8396,272640,0.02598606073943662,medium
210789,000000210789.jpg,data/coco/val2017/000000210789.jpg,1799433,8,truck,10.42,106.81,41.85,66.16,2768.796,191880,0.01442983114446529,medium
169996,000000169996.jpg,data/coco/val2017/000000169996.jpg,128975,2,bicycle,151.74,343.74,108.39,96.0,10405.44,307200,0.033871875,medium
480944,000000480944.jpg,data/coco/val2017/000000480944.jpg,360741,3,car,132.62,356.49,92.68,35.6,3299.4080000000004,307200,0.010740260416666668,medium
255917,000000255917.jpg,data/coco/val2017/000000255917.jpg,1356040,3,car,324.14,327.88,81.16,34.44,2795.1503999999995,273280,0.010228155737704917,medium
570834,000000570834.jpg,data/coco/val2017/000000570834.jpg,1765850,2,bicycle,393.18,253.28,74.73,157.7,11784.921,307200,0.038362373046875,medium
85376,000000085376.jpg,data/coco/val2017/000000085376.jpg,141756,3,car,38.16,320.95,155.06,54.63,8470.927800000001,307200,0.027574634765625005,medium
281693,000000281693.jpg,data/coco/val2017/000000281693.jpg,401251,8,truck,360.07,280.38,102.33,56.97,5829.7401,307840,0.018937565293659045,medium
499181,000000499181.jpg,data/coco/val2017/000000499181.jpg,1780379,3,car,573.13,277.74,66.87,82.74,5532.8238,307200,0.018010494140625,medium
322864,000000322864.jpg,data/coco/val2017/000000322864.jpg,352337,3,car,292.54,351.7,81.63,44.53,3634.9838999999997,273280,0.013301316964285713,medium
507667,000000507667.jpg,data/coco/val2017/000000507667.jpg,138841,3,car,211.89,11.36,145.65,51.96,7567.974,193000,0.039212300518134714,medium
185157,000000185157.jpg,data/coco/val2017/000000185157.jpg,1768727,2,bicycle,114.73,522.25,59.56,53.07,3160.8492,272640,0.01159349031690141,medium
242411,000000242411.jpg,data/coco/val2017/000000242411.jpg,399695,8,truck,8.43,570.48,94.1,69.48,6538.068,271360,0.024093705778301888,medium
19109,000000019109.jpg,data/coco/val2017/000000019109.jpg,148051,4,motorcycle,16.39,255.93,79.04,139.78,11048.211200000002,273920,0.04033371495327103,medium
26204,000000026204.jpg,data/coco/val2017/000000026204.jpg,1774289,3,car,578.86,253.21,60.99,65.62,4002.1638000000003,273280,0.014644920228337237,medium
190923,000000190923.jpg,data/coco/val2017/000000190923.jpg,1799476,8,truck,10.44,196.25,41.86,58.91,2465.9725999999996,187500,0.013151853866666665,medium
17627,000000017627.jpg,data/coco/val2017/000000017627.jpg,143876,3,car,479.23,234.76,90.21,50.47,4552.8987,307200,0.014820633789062499,medium
356612,000000356612.jpg,data/coco/val2017/000000356612.jpg,241773,2,bicycle,505.2,211.83,109.47,118.8,13005.036,266240,0.048847040264423075,medium
15338,000000015338.jpg,data/coco/val2017/000000015338.jpg,165112,6,bus,444.95,171.72,91.05,100.05,9109.5525,271360,0.033569990050117925,medium
260470,000000260470.jpg,data/coco/val2017/000000260470.jpg,1782661,3,car,326.0,58.95,104.82,67.19,7042.855799999999,273280,0.025771574209601873,medium
55167,000000055167.jpg,data/coco/val2017/000000055167.jpg,1799445,8,truck,161.92,175.86,56.49,53.4,3016.566,230400,0.013092734375,medium
521052,000000521052.jpg,data/coco/val2017/000000521052.jpg,364000,3,car,11.93,262.72,65.75,78.45,5158.087500000001,307200,0.0167906494140625,medium
543043,000000543043.jpg,data/coco/val2017/000000543043.jpg,1775599,3,car,0.0,363.96,57.74,110.95,6406.253000000001,307200,0.020853688151041667,medium
114884,000000114884.jpg,data/coco/val2017/000000114884.jpg,168723,6,bus,258.16,77.7,39.14,44.46,1740.1644000000001,164500,0.01057850699088146,medium
54593,000000054593.jpg,data/coco/val2017/000000054593.jpg,1789741,4,motorcycle,0.0,119.94,71.61,81.95,5868.4395,273280,0.02147409067622951,medium
295809,000000295809.jpg,data/coco/val2017/000000295809.jpg,346739,3,car,533.36,108.46,106.44,31.5,3352.86,327680,0.01023211669921875,medium
574702,000000574702.jpg,data/coco/val2017/000000574702.jpg,1791811,4,motorcycle,27.4,217.68,42.45,89.48,3798.4260000000004,166500,0.022813369369369372,medium
426372,000000426372.jpg,data/coco/val2017/000000426372.jpg,150837,4,motorcycle,20.18,195.03,75.68,73.57,5567.7776,273280,0.020373893442622953,medium
382111,000000382111.jpg,data/coco/val2017/000000382111.jpg,2051323,8,truck,14.42,118.67,98.71,97.6,9634.096,273280,0.035253571428571426,medium
565563,000000565563.jpg,data/coco/val2017/000000565563.jpg,353130,3,car,83.06,229.75,124.04,102.47,12710.3788,307200,0.041374930989583336,medium
350023,000000350023.jpg,data/coco/val2017/000000350023.jpg,165382,6,bus,537.88,426.38,93.94,52.66,4946.8804,307200,0.016103126302083333,medium
178982,000000178982.jpg,data/coco/val2017/000000178982.jpg,154787,4,motorcycle,450.64,282.49,59.78,72.91,4358.5598,273280,0.0159490625,medium
157365,000000157365.jpg,data/coco/val2017/000000157365.jpg,348803,3,car,208.86,160.86,74.11,73.35,5435.9685,273280,0.019891570916276347,medium
492077,000000492077.jpg,data/coco/val2017/000000492077.jpg,241464,2,bicycle,186.47,291.99,82.65,165.91,13712.461500000001,307200,0.044636918945312506,medium
111086,000000111086.jpg,data/coco/val2017/000000111086.jpg,147830,3,car,164.6,227.33,59.65,55.12,3287.908,168000,0.01957088095238095,medium
136715,000000136715.jpg,data/coco/val2017/000000136715.jpg,1790247,4,motorcycle,454.31,212.6,63.86,65.95,4211.567,272000,0.015483702205882353,medium
222094,000000222094.jpg,data/coco/val2017/000000222094.jpg,1192737,3,car,21.72,215.19,90.12,27.34,2463.8808,187500,0.013140697599999999,medium
453841,000000453841.jpg,data/coco/val2017/000000453841.jpg,1773159,3,car,0.0,209.78,31.11,89.34,2779.3674,169500,0.01639744778761062,medium
144333,000000144333.jpg,data/coco/val2017/000000144333.jpg,354628,3,car,0.0,127.84,61.78,68.1,4207.218,272640,0.015431404049295773,medium
343218,000000343218.jpg,data/coco/val2017/000000343218.jpg,1352104,3,car,357.92,120.59,142.24,89.22,12690.6528,273920,0.046329778037383175,medium
338219,000000338219.jpg,data/coco/val2017/000000338219.jpg,154773,4,motorcycle,547.88,143.2,92.12,149.75,13794.970000000001,362240,0.03808240393109541,medium
441586,000000441586.jpg,data/coco/val2017/000000441586.jpg,131214,2,bicycle,536.38,158.48,68.99,44.31,3056.9469,272000,0.011238775367647058,medium
263594,000000263594.jpg,data/coco/val2017/000000263594.jpg,146343,3,car,450.25,172.29,49.75,59.23,2946.6924999999997,190500,0.015468202099737531,medium
228436,000000228436.jpg,data/coco/val2017/000000228436.jpg,900300228436,3,car,263.0,125.0,292.0,45.0,13140.0,310400,0.042332474226804126,medium
165681,000000165681.jpg,data/coco/val2017/000000165681.jpg,246831,4,motorcycle,44.1,182.16,52.12,60.14,3134.4968,284160,0.011030746058558558,medium
365642,000000365642.jpg,data/coco/val2017/000000365642.jpg,1770350,3,car,0.0,26.33,93.3,67.35,6283.754999999999,272640,0.02304781029929577,medium
17627,000000017627.jpg,data/coco/val2017/000000017627.jpg,141360,3,car,168.49,237.08,101.88,60.81,6195.3228,307200,0.02016706640625,medium
157365,000000157365.jpg,data/coco/val2017/000000157365.jpg,349189,3,car,2.83,171.85,108.28,70.41,7623.9947999999995,273280,0.02789810743559719,medium
377946,000000377946.jpg,data/coco/val2017/000000377946.jpg,348981,3,car,0.91,186.57,80.68,87.69,7074.8292,272640,0.025949344190140847,medium
458325,000000458325.jpg,data/coco/val2017/000000458325.jpg,2038763,3,car,149.43,180.39,43.43,79.41,3448.7763,273280,0.01261993669496487,medium
1584,000000001584.jpg,data/coco/val2017/000000001584.jpg,1794632,6,bus,502.95,315.95,63.15,69.72,4402.818,374544,0.011755142252979623,medium
147740,000000147740.jpg,data/coco/val2017/000000147740.jpg,1791809,4,motorcycle,376.8,206.66,54.81,155.08,8499.9348,307200,0.027669058593750004,medium
121242,000000121242.jpg,data/coco/val2017/000000121242.jpg,146034,3,car,483.79,191.29,92.78,73.5,6819.33,274560,0.02483730332167832,medium
424162,000000424162.jpg,data/coco/val2017/000000424162.jpg,135318,3,car,3.3,173.97,120.02,128.83,15462.1766,327680,0.04718681823730469,medium
192670,000000192670.jpg,data/coco/val2017/000000192670.jpg,1772442,3,car,359.82,92.76,156.51,66.67,10434.5217,277120,0.037653441469399536,medium
553669,000000553669.jpg,data/coco/val2017/000000553669.jpg,361543,3,car,490.87,106.69,124.22,33.14,4116.6508,307200,0.013400555989583335,medium
283318,000000283318.jpg,data/coco/val2017/000000283318.jpg,345852,3,car,479.79,276.33,100.56,75.32,7574.1792,273280,0.027715819672131145,medium
121242,000000121242.jpg,data/coco/val2017/000000121242.jpg,900300121242,3,car,1.0,182.0,615.0,21.0,12915.0,274560,0.0470388986013986,medium
563653,000000563653.jpg,data/coco/val2017/000000563653.jpg,142951,3,car,517.8,253.2,100.47,45.39,4560.3333,275840,0.0165325308149652,medium
499768,000000499768.jpg,data/coco/val2017/000000499768.jpg,344967,3,car,42.68,39.85,167.12,73.71,12318.4152,273920,0.044970849883177566,medium
19109,000000019109.jpg,data/coco/val2017/000000019109.jpg,246641,4,motorcycle,378.59,249.1,82.94,95.36,7909.158399999999,273920,0.02887397196261682,medium
279887,000000279887.jpg,data/coco/val2017/000000279887.jpg,154911,4,motorcycle,88.08,155.67,81.38,80.42,6544.5796,273280,0.02394825673302108,medium
365745,000000365745.jpg,data/coco/val2017/000000365745.jpg,398977,8,truck,1.08,205.95,152.43,92.97,14171.4171,307200,0.046130915039062505,medium
343561,000000343561.jpg,data/coco/val2017/000000343561.jpg,1768633,2,bicycle,321.67,194.04,67.25,131.68,8855.48,273920,0.03232870911214953,medium
140420,000000140420.jpg,data/coco/val2017/000000140420.jpg,149263,4,motorcycle,402.58,233.1,45.58,75.68,3449.4944,273920,0.012593072429906543,medium
521141,000000521141.jpg,data/coco/val2017/000000521141.jpg,355831,3,car,304.59,241.5,70.32,31.93,2245.3176,187500,0.011975027199999998,medium
177934,000000177934.jpg,data/coco/val2017/000000177934.jpg,245747,4,motorcycle,182.5,185.44,52.36,90.04,4714.4944000000005,307200,0.015346661458333334,medium
279278,000000279278.jpg,data/coco/val2017/000000279278.jpg,241931,2,bicycle,463.66,58.45,61.1,92.85,5673.135,274560,0.020662642045454545,medium
332318,000000332318.jpg,data/coco/val2017/000000332318.jpg,1197912,8,truck,395.9,379.07,76.29,49.93,3809.1597,274560,0.01387368771853147,medium
405205,000000405205.jpg,data/coco/val2017/000000405205.jpg,395518,8,truck,500.55,115.79,49.2,168.07,8269.044,225500,0.03666981818181818,medium
90208,000000090208.jpg,data/coco/val2017/000000090208.jpg,165914,6,bus,0.0,138.24,57.14,181.09,10347.482600000001,274560,0.03768750946969698,medium
147223,000000147223.jpg,data/coco/val2017/000000147223.jpg,139970,3,car,42.68,141.86,115.17,57.99,6678.7083,230400,0.028987449218750003,medium
174482,000000174482.jpg,data/coco/val2017/000000174482.jpg,135645,3,car,398.03,80.69,81.12,36.8,2985.216,248320,0.012021649484536082,medium
296649,000000296649.jpg,data/coco/val2017/000000296649.jpg,2048089,4,motorcycle,420.48,360.45,153.04,45.53,6967.9112,273280,0.0254973331381733,medium
490936,000000490936.jpg,data/coco/val2017/000000490936.jpg,1792145,4,motorcycle,319.96,127.51,92.95,53.03,4929.1385,307200,0.016045372721354166,medium
67616,000000067616.jpg,data/coco/val2017/000000067616.jpg,1368047,8,truck,549.4,348.18,88.96,68.32,6077.747199999999,307200,0.01978433333333333,medium
19109,000000019109.jpg,data/coco/val2017/000000019109.jpg,245859,4,motorcycle,430.93,252.95,59.74,85.47,5105.9778,273920,0.018640397926401868,medium
135410,000000135410.jpg,data/coco/val2017/000000135410.jpg,354160,3,car,0.0,221.35,53.74,91.83,4934.9442,307200,0.016064271484375,medium
458325,000000458325.jpg,data/coco/val2017/000000458325.jpg,1358475,3,car,424.21,192.83,60.98,96.06,5857.7388,273280,0.021434934133489462,medium
226417,000000226417.jpg,data/coco/val2017/000000226417.jpg,150435,4,motorcycle,291.44,184.98,58.92,89.47,5271.5724,166500,0.0316610954954955,medium
563702,000000563702.jpg,data/coco/val2017/000000563702.jpg,398127,8,truck,83.32,219.61,112.43,68.15,7662.104500000001,273280,0.028037560377634666,medium
427655,000000427655.jpg,data/coco/val2017/000000427655.jpg,1364554,6,bus,388.5,177.19,38.5,82.6,3180.1,273280,0.011636782786885246,medium
105923,000000105923.jpg,data/coco/val2017/000000105923.jpg,357720,3,car,31.29,200.47,83.22,50.86,4232.5692,299520,0.014131173878205129,medium
555597,000000555597.jpg,data/coco/val2017/000000555597.jpg,1197094,8,truck,153.33,359.81,156.11,80.02,12491.9222,330880,0.03775363334139265,medium
436738,000000436738.jpg,data/coco/val2017/000000436738.jpg,357379,3,car,370.52,348.79,97.14,42.76,4153.7064,243000,0.017093441975308644,medium
15338,000000015338.jpg,data/coco/val2017/000000015338.jpg,1371612,8,truck,67.58,185.79,78.09,35.86,2800.3074,271360,0.010319529038915094,medium
210273,000000210273.jpg,data/coco/val2017/000000210273.jpg,169222,6,bus,293.68,100.0,48.14,59.87,2882.1418,273920,0.010521837762850466,medium
251140,000000251140.jpg,data/coco/val2017/000000251140.jpg,125809,2,bicycle,182.04,208.36,33.28,107.98,3593.5744000000004,187500,0.019165730133333336,medium
338905,000000338905.jpg,data/coco/val2017/000000338905.jpg,365453,4,motorcycle,444.04,193.32,35.96,70.8,2545.968,172800,0.01473361111111111,medium
336232,000000336232.jpg,data/coco/val2017/000000336232.jpg,1353992,3,car,30.35,139.91,81.67,73.5,6002.745,273280,0.021965548155737705,medium
142472,000000142472.jpg,data/coco/val2017/000000142472.jpg,138741,3,car,203.35,372.65,131.1,62.96,8254.056,307200,0.026868671875000003,medium
310072,000000310072.jpg,data/coco/val2017/000000310072.jpg,1368385,8,truck,0.0,0.0,131.87,71.46,9423.430199999999,245120,0.038444150620104436,medium
181542,000000181542.jpg,data/coco/val2017/000000181542.jpg,153745,4,motorcycle,0.19,253.76,73.07,99.43,7265.3501,384000,0.01892018255208333,medium
210789,000000210789.jpg,data/coco/val2017/000000210789.jpg,471705,1,person,126.2,236.04,65.44,206.84,13535.6096,191880,0.07054205545132375,large
537506,000000537506.jpg,data/coco/val2017/000000537506.jpg,1742784,1,person,372.21,213.75,227.79,186.25,42425.8875,240000,0.17677453124999998,large
99182,000000099182.jpg,data/coco/val2017/000000099182.jpg,450435,1,person,184.64,0.75,193.64,281.46,54501.914399999994,167000,0.32635876886227544,large
23034,000000023034.jpg,data/coco/val2017/000000023034.jpg,190083,1,person,419.65,0.0,220.35,422.41,93078.0435,273280,0.3405958851727166,large
457078,000000457078.jpg,data/coco/val2017/000000457078.jpg,2165323,1,person,452.27,40.54,187.73,333.32,62574.16359999999,307200,0.2036919388020833,large
110449,000000110449.jpg,data/coco/val2017/000000110449.jpg,473840,1,person,146.96,16.47,353.04,346.28,122250.6912,187500,0.6520036864000001,large
331280,000000331280.jpg,data/coco/val2017/000000331280.jpg,1203196,1,person,264.29,187.02,80.24,140.97,11311.432799999999,183000,0.0618111081967213,large
177065,000000177065.jpg,data/coco/val2017/000000177065.jpg,1709501,1,person,38.45,8.63,142.52,545.6,77758.91200000001,360960,0.21542251773049648,large
361586,000000361586.jpg,data/coco/val2017/000000361586.jpg,1254701,1,person,93.58,127.59,545.25,226.31,123395.5275,230400,0.5355708658854167,large
363666,000000363666.jpg,data/coco/val2017/000000363666.jpg,441360,1,person,420.87,65.71,217.47,344.94,75014.1018,268160,0.2797363581443914,large
174371,000000174371.jpg,data/coco/val2017/000000174371.jpg,564197,1,person,305.23,171.59,82.31,324.66,26722.764600000002,327040,0.08171099743150685,large
488251,000000488251.jpg,data/coco/val2017/000000488251.jpg,183598,1,person,175.61,32.98,293.23,327.02,95892.0746,230400,0.4161982404513889,large
73946,000000073946.jpg,data/coco/val2017/000000073946.jpg,558841,1,person,99.51,92.51,175.84,329.45,57930.488,273920,0.21148688668224297,large
265777,000000265777.jpg,data/coco/val2017/000000265777.jpg,466059,1,person,223.91,10.14,298.63,364.12,108737.1556,374544,0.2903187758981588,large
150649,000000150649.jpg,data/coco/val2017/000000150649.jpg,539235,1,person,447.22,140.97,52.78,152.02,8023.615600000001,155500,0.051598814147909976,large
274066,000000274066.jpg,data/coco/val2017/000000274066.jpg,431176,1,person,262.45,154.41,183.97,165.43,30434.1571,273280,0.11136620718676815,large
258911,000000258911.jpg,data/coco/val2017/000000258911.jpg,189642,1,person,545.1,102.67,92.53,316.98,29330.1594,272640,0.1075783428697183,large
284743,000000284743.jpg,data/coco/val2017/000000284743.jpg,2150096,1,person,39.64,92.49,312.69,291.77,91233.56129999999,272000,0.33541750477941173,large
421060,000000421060.jpg,data/coco/val2017/000000421060.jpg,900100421060,1,person,306.0,5.0,329.0,228.0,75012.0,267520,0.28039772727272727,large
360960,000000360960.jpg,data/coco/val2017/000000360960.jpg,507246,1,person,169.71,215.49,189.84,359.55,68256.97200000001,272640,0.25035567781690143,large
261888,000000261888.jpg,data/coco/val2017/000000261888.jpg,204595,1,person,361.58,143.49,97.18,250.13,24307.633400000002,272640,0.08915651921948357,large
122962,000000122962.jpg,data/coco/val2017/000000122962.jpg,1760394,1,person,41.31,0.0,104.69,200.63,21003.9547,271360,0.07740254532724056,large
290163,000000290163.jpg,data/coco/val2017/000000290163.jpg,431792,1,person,138.62,185.38,287.9,274.77,79106.28299999998,327680,0.2414132171630859,large
463918,000000463918.jpg,data/coco/val2017/000000463918.jpg,1735444,1,person,432.97,154.51,67.03,204.49,13706.9647,179500,0.07636192033426184,large
501368,000000501368.jpg,data/coco/val2017/000000501368.jpg,447307,1,person,119.1,3.18,255.9,489.89,125362.851,187500,0.668601872,large
183709,000000183709.jpg,data/coco/val2017/000000183709.jpg,566264,1,person,0.0,243.95,136.32,348.7,47534.784,307200,0.154735625,large
50380,000000050380.jpg,data/coco/val2017/000000050380.jpg,200900,1,person,189.46,37.99,135.6,262.54,35600.424,273280,0.13027087236533957,large
458045,000000458045.jpg,data/coco/val2017/000000458045.jpg,1691080,1,person,64.45,132.93,136.8,134.75,18433.800000000003,187500,0.09831360000000001,large
554002,000000554002.jpg,data/coco/val2017/000000554002.jpg,218421,1,person,403.99,36.29,59.21,275.06,16286.3026,272000,0.0598761125,large
492362,000000492362.jpg,data/coco/val2017/000000492362.jpg,423295,1,person,97.93,104.47,168.85,452.52,76408.002,273280,0.27959602605386413,large
221291,000000221291.jpg,data/coco/val2017/000000221291.jpg,452143,1,person,163.93,292.77,80.47,207.23,16675.7981,167500,0.09955700358208955,large
414795,000000414795.jpg,data/coco/val2017/000000414795.jpg,421551,1,person,220.04,345.17,119.74,129.44,15499.1456,307200,0.050452947916666664,large
46497,000000046497.jpg,data/coco/val2017/000000046497.jpg,186734,1,person,189.08,108.38,171.95,219.6,37760.219999999994,166000,0.22747120481927707,large
117525,000000117525.jpg,data/coco/val2017/000000117525.jpg,204344,1,person,150.56,80.71,349.44,413.48,144486.4512,250000,0.5779458048,large
238410,000000238410.jpg,data/coco/val2017/000000238410.jpg,1714196,1,person,11.84,199.21,240.0,245.38,58891.2,307200,0.191703125,large
296657,000000296657.jpg,data/coco/val2017/000000296657.jpg,521020,1,person,434.91,99.41,162.66,228.18,37115.7588,273280,0.13581586211943794,large
6894,000000006894.jpg,data/coco/val2017/000000006894.jpg,493059,1,person,293.39,20.49,346.61,459.51,159270.7611,307200,0.5184595087890626,large
147729,000000147729.jpg,data/coco/val2017/000000147729.jpg,1677593,1,person,285.85,99.37,82.92,140.17,11622.8964,187500,0.0619887808,large
189475,000000189475.jpg,data/coco/val2017/000000189475.jpg,1244747,1,person,3.32,21.46,214.84,330.72,71051.8848,187500,0.3789433856,large
557672,000000557672.jpg,data/coco/val2017/000000557672.jpg,501860,1,person,212.12,38.92,314.29,390.19,122632.8151,277120,0.44252603601327944,large
1296,000000001296.jpg,data/coco/val2017/000000001296.jpg,470530,1,person,7.16,1.57,419.84,634.27,266291.91679999995,273280,0.9744288524590162,large
187249,000000187249.jpg,data/coco/val2017/000000187249.jpg,198698,1,person,267.51,127.1,186.6,193.08,36028.728,307200,0.11728101562500001,large
93353,000000093353.jpg,data/coco/val2017/000000093353.jpg,529269,1,person,3.24,98.16,297.7,379.68,113030.736,307200,0.36793859375,large
496571,000000496571.jpg,data/coco/val2017/000000496571.jpg,431428,1,person,50.34,1.2,260.31,163.95,42677.824499999995,273280,0.15616885428864166,large
56350,000000056350.jpg,data/coco/val2017/000000056350.jpg,2159688,1,person,202.28,333.4,249.09,164.57,40992.7413,374544,0.10944706443034731,large
153229,000000153229.jpg,data/coco/val2017/000000153229.jpg,2152975,1,person,168.56,33.24,131.75,371.53,48949.0775,292480,0.16735871683533918,large
474095,000000474095.jpg,data/coco/val2017/000000474095.jpg,482539,1,person,56.18,24.72,221.35,469.66,103959.24100000001,166500,0.6243798258258259,large
345356,000000345356.jpg,data/coco/val2017/000000345356.jpg,527934,1,person,366.05,116.9,273.95,344.91,94488.0945,307200,0.30757843261718754,large
409475,000000409475.jpg,data/coco/val2017/000000409475.jpg,1264001,1,person,352.25,155.61,224.62,324.39,72864.4818,307200,0.23718906835937498,large
203629,000000203629.jpg,data/coco/val2017/000000203629.jpg,1211192,1,person,148.73,135.3,237.01,283.06,67088.0506,273280,0.24549198843676817,large
236426,000000236426.jpg,data/coco/val2017/000000236426.jpg,1222877,1,person,260.69,64.2,144.88,217.04,31444.7552,274560,0.11452780885780886,large
529762,000000529762.jpg,data/coco/val2017/000000529762.jpg,429807,1,person,236.21,58.24,403.79,416.07,168004.9053,307200,0.5468909677734376,large
59044,000000059044.jpg,data/coco/val2017/000000059044.jpg,900100059044,1,person,301.0,62.0,241.0,149.0,35909.0,273280,0.13140002927400468,large
465180,000000465180.jpg,data/coco/val2017/000000465180.jpg,2159032,1,person,281.17,262.51,136.3,113.18,15426.434000000003,272640,0.05658169747652583,large
370270,000000370270.jpg,data/coco/val2017/000000370270.jpg,1719253,1,person,0.0,159.28,66.31,240.72,15962.1432,307200,0.0519601015625,large
416104,000000416104.jpg,data/coco/val2017/000000416104.jpg,1254091,1,person,358.11,224.36,158.56,181.21,28732.657600000002,307200,0.09353078645833333,large
546219,000000546219.jpg,data/coco/val2017/000000546219.jpg,1705095,1,person,451.13,198.05,153.24,173.78,26630.0472,273280,0.09744601580796253,large
404839,000000404839.jpg,data/coco/val2017/000000404839.jpg,505742,1,person,26.73,116.75,400.27,516.22,206627.3794,273280,0.7561013590456674,large
424642,000000424642.jpg,data/coco/val2017/000000424642.jpg,514022,1,person,366.53,157.24,87.19,159.14,13875.416599999999,187500,0.07400222186666666,large
154718,000000154718.jpg,data/coco/val2017/000000154718.jpg,1227278,1,person,34.91,326.01,331.08,168.92,55926.033599999995,187500,0.2982721792,large
426795,000000426795.jpg,data/coco/val2017/000000426795.jpg,478135,1,person,57.3,19.46,412.97,454.05,187509.02850000001,307200,0.6103809521484376,large
312489,000000312489.jpg,data/coco/val2017/000000312489.jpg,449078,1,person,48.79,99.92,68.81,186.26,12816.5506,166500,0.07697627987987989,large
271402,000000271402.jpg,data/coco/val2017/000000271402.jpg,463891,1,person,24.45,63.04,166.83,512.0,85416.96,271360,0.3147735849056604,large
541055,000000541055.jpg,data/coco/val2017/000000541055.jpg,534903,1,person,325.21,79.28,163.42,247.55,40454.621,230400,0.1755842925347222,large
99810,000000099810.jpg,data/coco/val2017/000000099810.jpg,425076,1,person,74.77,3.36,298.36,324.53,96826.7708,166000,0.5832938,large
145597,000000145597.jpg,data/coco/val2017/000000145597.jpg,1248278,1,person,476.76,33.44,163.24,231.91,37856.9884,307200,0.12323238411458334,large
170613,000000170613.jpg,data/coco/val2017/000000170613.jpg,1748801,1,person,263.9,180.15,140.64,271.8,38225.952,280960,0.13605478359908882,large
6763,000000006763.jpg,data/coco/val2017/000000006763.jpg,197649,1,person,79.48,131.87,254.23,331.05,84162.8415,187500,0.44886848799999995,large
530820,000000530820.jpg,data/coco/val2017/000000530820.jpg,486112,1,person,252.95,13.3,195.25,414.7,80970.175,273920,0.29559789354556076,large
350679,000000350679.jpg,data/coco/val2017/000000350679.jpg,493895,1,person,20.72,50.59,101.55,243.4,24717.27,273920,0.09023536068925234,large
135410,000000135410.jpg,data/coco/val2017/000000135410.jpg,1345187,3,car,154.07,221.97,225.31,93.81,21136.3311,307200,0.0688031611328125,large
153011,000000153011.jpg,data/coco/val2017/000000153011.jpg,365762,6,bus,477.82,84.1,162.18,221.44,35913.1392,307200,0.11690474999999999,large
278705,000000278705.jpg,data/coco/val2017/000000278705.jpg,350898,3,car,8.63,135.1,306.34,136.99,41965.5166,307200,0.13660649934895835,large
201934,000000201934.jpg,data/coco/val2017/000000201934.jpg,167628,6,bus,0.84,58.7,261.83,239.02,62582.6066,187500,0.33377390186666667,large
169996,000000169996.jpg,data/coco/val2017/000000169996.jpg,399340,8,truck,2.16,264.32,262.7,161.09,42318.343,307200,0.13775502278645835,large
579902,000000579902.jpg,data/coco/val2017/000000579902.jpg,149056,4,motorcycle,189.84,325.03,156.77,257.44,40358.868800000004,355840,0.11341858363309354,large
143931,000000143931.jpg,data/coco/val2017/000000143931.jpg,168219,6,bus,0.0,0.0,638.56,472.45,301687.67199999996,307200,0.9820562239583333,large
204186,000000204186.jpg,data/coco/val2017/000000204186.jpg,1789944,4,motorcycle,123.17,159.36,434.27,323.8,140616.626,328320,0.42829138036062375,large
414133,000000414133.jpg,data/coco/val2017/000000414133.jpg,344759,3,car,465.98,198.47,174.02,139.15,24214.883,307200,0.07882448893229167,large
147338,000000147338.jpg,data/coco/val2017/000000147338.jpg,1372445,8,truck,1.44,77.66,185.53,133.76,24816.4928,307200,0.08078285416666667,large
566282,000000566282.jpg,data/coco/val2017/000000566282.jpg,354980,3,car,291.07,167.89,204.04,71.99,14688.839599999998,272640,0.05387631895539905,large
572956,000000572956.jpg,data/coco/val2017/000000572956.jpg,246059,4,motorcycle,396.63,55.31,71.09,151.57,10775.1113,166500,0.06471538318318319,large
455716,000000455716.jpg,data/coco/val2017/000000455716.jpg,152462,4,motorcycle,0.0,31.14,171.25,238.39,40824.2875,277120,0.14731627995092378,large
102331,000000102331.jpg,data/coco/val2017/000000102331.jpg,151869,4,motorcycle,136.08,110.46,226.52,153.69,34813.8588,178500,0.19503562352941178,large
354829,000000354829.jpg,data/coco/val2017/000000354829.jpg,347045,3,car,81.74,84.27,289.89,154.21,44703.9369,187500,0.2384209968,large
553511,000000553511.jpg,data/coco/val2017/000000553511.jpg,357256,3,car,48.7,260.2,142.06,59.19,8408.5314,166500,0.05050169009009009,large
37751,000000037751.jpg,data/coco/val2017/000000037751.jpg,155967,4,motorcycle,364.72,370.2,174.92,109.8,19206.215999999997,307200,0.06252023437499998,large
270066,000000270066.jpg,data/coco/val2017/000000270066.jpg,149887,4,motorcycle,92.97,77.3,483.25,304.86,147323.595,307200,0.479568994140625,large
467511,000000467511.jpg,data/coco/val2017/000000467511.jpg,365428,4,motorcycle,4.3,157.85,396.06,404.66,160269.63960000002,266240,0.601974307391827,large
429011,000000429011.jpg,data/coco/val2017/000000429011.jpg,1196296,8,truck,46.65,146.46,211.2,132.58,28000.896,219520,0.12755510204081633,large
167122,000000167122.jpg,data/coco/val2017/000000167122.jpg,134420,3,car,32.73,215.81,607.27,264.19,160434.6613,307200,0.5222482464192708,large
114770,000000114770.jpg,data/coco/val2017/000000114770.jpg,153179,4,motorcycle,119.01,237.71,325.46,157.78,51351.078799999996,257920,0.19909692462779155,large
210273,000000210273.jpg,data/coco/val2017/000000210273.jpg,900300210273,3,car,91.0,61.0,548.0,261.0,143028.0,273920,0.522152453271028,large
363875,000000363875.jpg,data/coco/val2017/000000363875.jpg,2049615,6,bus,0.0,3.32,558.0,382.34,213345.71999999997,357120,0.5974062499999999,large
336232,000000336232.jpg,data/coco/val2017/000000336232.jpg,1348040,3,car,371.22,221.19,268.78,201.0,54024.77999999999,273280,0.19769020784543323,large
526392,000000526392.jpg,data/coco/val2017/000000526392.jpg,356276,3,car,143.14,174.03,305.13,152.94,46666.5822,166500,0.28027977297297296,large
284725,000000284725.jpg,data/coco/val2017/000000284725.jpg,165690,6,bus,68.01,134.89,433.41,174.77,75747.0657,273280,0.27717749451112417,large
492937,000000492937.jpg,data/coco/val2017/000000492937.jpg,2168379,2,bicycle,20.61,16.04,474.06,585.05,277348.80299999996,374544,0.7404972526592335,large
408830,000000408830.jpg,data/coco/val2017/000000408830.jpg,148938,4,motorcycle,74.84,34.54,497.05,381.9,189823.395,273280,0.6946113692915691,large
259830,000000259830.jpg,data/coco/val2017/000000259830.jpg,151030,4,motorcycle,0.0,383.5,120.59,149.87,18072.8233,272000,0.06644420330882353,large
206487,000000206487.jpg,data/coco/val2017/000000206487.jpg,132002,3,car,0.0,209.63,239.71,269.92,64702.5232,307200,0.21062019270833335,large
481567,000000481567.jpg,data/coco/val2017/000000481567.jpg,148596,4,motorcycle,210.81,132.53,191.8,324.65,62267.87,307200,0.20269488932291668,large
220732,000000220732.jpg,data/coco/val2017/000000220732.jpg,395730,8,truck,18.38,170.27,357.84,107.03,38299.6152,307200,0.1246732265625,large
410878,000000410878.jpg,data/coco/val2017/000000410878.jpg,154883,4,motorcycle,47.23,34.46,279.53,382.66,106964.9498,273280,0.39141155518149884,large
74256,000000074256.jpg,data/coco/val2017/000000074256.jpg,247738,6,bus,114.34,80.9,268.58,211.41,56780.4978,307200,0.184832349609375,large
162858,000000162858.jpg,data/coco/val2017/000000162858.jpg,1780711,3,car,359.14,339.46,67.77,203.29,13776.9633,273920,0.05029557279497664,large
95843,000000095843.jpg,data/coco/val2017/000000095843.jpg,162814,6,bus,130.79,63.32,435.32,332.22,144622.0104,269440,0.5367503355106888,large
365655,000000365655.jpg,data/coco/val2017/000000365655.jpg,168869,6,bus,45.2,161.09,411.61,156.76,64523.9836,273280,0.23610942476580796,large
227511,000000227511.jpg,data/coco/val2017/000000227511.jpg,347459,3,car,65.73,286.89,160.49,88.11,14140.7739,187500,0.0754174608,large
219271,000000219271.jpg,data/coco/val2017/000000219271.jpg,394823,8,truck,2.79,350.76,129.69,117.99,15302.123099999999,175000,0.08744070342857142,large
527220,000000527220.jpg,data/coco/val2017/000000527220.jpg,132538,3,car,3.0,3.5,163.0,154.5,25183.5,84500,0.29802958579881655,large
572956,000000572956.jpg,data/coco/val2017/000000572956.jpg,150964,4,motorcycle,0.0,0.07,241.37,332.93,80359.3141,166500,0.48263852312312316,large
550349,000000550349.jpg,data/coco/val2017/000000550349.jpg,168914,6,bus,100.67,134.11,379.33,414.2,157118.48599999998,307200,0.5114534049479166,large
139099,000000139099.jpg,data/coco/val2017/000000139099.jpg,148439,4,motorcycle,218.84,250.13,421.16,202.87,85440.7292,289920,0.29470450193156733,large
165039,000000165039.jpg,data/coco/val2017/000000165039.jpg,132407,3,car,382.92,161.85,183.66,78.05,14334.662999999999,273280,0.052454123975409835,large
172330,000000172330.jpg,data/coco/val2017/000000172330.jpg,146263,3,car,1.08,1.63,269.8,209.11,56417.878000000004,307200,0.18365194661458334,large
308328,000000308328.jpg,data/coco/val2017/000000308328.jpg,2209342,8,truck,386.37,41.48,224.0,203.85,45662.4,307200,0.148640625,large
143556,000000143556.jpg,data/coco/val2017/000000143556.jpg,1791369,4,motorcycle,368.71,271.2,111.29,228.75,25457.5875,307200,0.0828697509765625,large
441586,000000441586.jpg,data/coco/val2017/000000441586.jpg,126632,2,bicycle,30.16,151.72,202.9,135.27,27446.283000000003,272000,0.10090545220588236,large
76416,000000076416.jpg,data/coco/val2017/000000076416.jpg,365831,6,bus,116.39,129.91,450.48,248.77,112065.90960000001,307200,0.36479788281250003,large
111086,000000111086.jpg,data/coco/val2017/000000111086.jpg,146687,3,car,299.68,206.97,155.89,103.68,16162.6752,168000,0.0962064,large
165681,000000165681.jpg,data/coco/val2017/000000165681.jpg,155827,4,motorcycle,74.83,172.86,175.61,239.46,42051.57060000001,284160,0.14798553842905407,large
210273,000000210273.jpg,data/coco/val2017/000000210273.jpg,900600210273,6,bus,379.0,72.0,142.0,211.0,29962.0,273920,0.10938230140186916,large
491213,000000491213.jpg,data/coco/val2017/000000491213.jpg,1789725,4,motorcycle,195.56,2.37,444.44,471.7,209642.348,307200,0.6824295182291666,large
105912,000000105912.jpg,data/coco/val2017/000000105912.jpg,365710,6,bus,182.19,110.71,162.18,62.88,10197.878400000001,187500,0.05438868480000001,large
334006,000000334006.jpg,data/coco/val2017/000000334006.jpg,358273,3,car,0.96,209.64,178.46,120.89,21574.0294,272640,0.07913009609741783,large
179765,000000179765.jpg,data/coco/val2017/000000179765.jpg,148486,4,motorcycle,94.19,6.59,510.17,381.49,194624.7533,307200,0.6335441188151042,large
507975,000000507975.jpg,data/coco/val2017/000000507975.jpg,139096,3,car,23.62,199.88,578.8,187.92,108768.09599999999,307200,0.3540628125,large
452321,000000452321.jpg,data/coco/val2017/000000452321.jpg,166153,6,bus,2.16,209.26,183.37,87.37,16021.036900000001,307200,0.05215181282552084,large
572956,000000572956.jpg,data/coco/val2017/000000572956.jpg,154594,4,motorcycle,309.05,9.6,112.25,250.69,28139.9525,166500,0.16900872372372372,large
36844,000000036844.jpg,data/coco/val2017/000000036844.jpg,128699,2,bicycle,118.71,243.61,117.68,160.0,18828.800000000003,307200,0.061291666666666675,large
143556,000000143556.jpg,data/coco/val2017/000000143556.jpg,150350,4,motorcycle,20.13,299.15,178.34,329.34,58734.495599999995,307200,0.19119301953124998,large
165681,000000165681.jpg,data/coco/val2017/000000165681.jpg,2047830,4,motorcycle,384.9,249.87,173.87,88.29,15350.982300000001,284160,0.05402231946790541,large
148508,000000148508.jpg,data/coco/val2017/000000148508.jpg,166902,6,bus,166.61,117.45,111.35,157.15,17498.6525,272000,0.06433328125,large
538364,000000538364.jpg,data/coco/val2017/000000538364.jpg,155831,4,motorcycle,300.94,173.66,278.3,216.81,60338.223000000005,307200,0.19641348632812503,large
426372,000000426372.jpg,data/coco/val2017/000000426372.jpg,394674,8,truck,56.74,44.72,509.71,364.49,185784.1979,273280,0.6798309349385245,large
394275,000000394275.jpg,data/coco/val2017/000000394275.jpg,166186,6,bus,90.96,83.02,521.06,289.67,150935.4502,251520,0.600093233937659,large
463730,000000463730.jpg,data/coco/val2017/000000463730.jpg,168961,6,bus,197.14,110.77,120.5,162.82,19619.809999999998,273280,0.0717938012295082,large
531036,000000531036.jpg,data/coco/val2017/000000531036.jpg,2050146,6,bus,0.0,220.24,157.28,186.51,29334.2928,307200,0.095489234375,large
463199,000000463199.jpg,data/coco/val2017/000000463199.jpg,1794273,6,bus,0.0,0.0,640.0,355.56,227558.4,307200,0.74075,large
128051,000000128051.jpg,data/coco/val2017/000000128051.jpg,1373989,8,truck,0.81,131.06,145.62,156.94,22853.6028,230400,0.099190984375,large
460967,000000460967.jpg,data/coco/val2017/000000460967.jpg,166023,6,bus,60.54,358.2,503.06,196.03,98614.8518,386560,0.25510878466473513,large
279278,000000279278.jpg,data/coco/val2017/000000279278.jpg,1769400,2,bicycle,502.41,25.0,137.33,124.67,17120.9311,274560,0.06235770359848485,large
480985,000000480985.jpg,data/coco/val2017/000000480985.jpg,148144,4,motorcycle,14.61,68.54,329.21,421.35,138712.6335,187500,0.739800712,large
543043,000000543043.jpg,data/coco/val2017/000000543043.jpg,135138,3,car,259.59,276.48,375.01,183.51,68818.0851,307200,0.22401720410156248,large
353180,000000353180.jpg,data/coco/val2017/000000353180.jpg,2171563,6,bus,204.1,78.33,235.97,127.73,30140.4481,268800,0.11212964322916667,large
467848,000000467848.jpg,data/coco/val2017/000000467848.jpg,398193,8,truck,23.73,285.66,228.67,97.08,22199.2836,307200,0.07226329296874999,large
122166,000000122166.jpg,data/coco/val2017/000000122166.jpg,145084,3,car,158.18,264.32,164.98,153.06,25251.838799999998,307200,0.08219999609374999,large
507797,000000507797.jpg,data/coco/val2017/000000507797.jpg,2050520,6,bus,226.86,105.08,265.95,166.86,44376.417,272000,0.1631485919117647,large
453841,000000453841.jpg,data/coco/val2017/000000453841.jpg,398360,8,truck,2.14,145.34,148.06,118.99,17617.6594,169500,0.10393899351032448,large
68093,000000068093.jpg,data/coco/val2017/000000068093.jpg,137446,3,car,332.19,75.61,307.81,110.0,33859.1,307200,0.11021842447916666,large
490936,000000490936.jpg,data/coco/val2017/000000490936.jpg,1790146,4,motorcycle,190.9,192.0,213.25,107.99,23028.8675,307200,0.07496376139322916,large
442456,000000442456.jpg,data/coco/val2017/000000442456.jpg,354441,3,car,209.05,69.54,409.85,177.24,72641.81400000001,227840,0.31882818644662925,large
287291,000000287291.jpg,data/coco/val2017/000000287291.jpg,347629,3,car,0.0,225.84,128.93,144.95,18688.4035,187500,0.09967148533333334,large
537506,000000537506.jpg,data/coco/val2017/000000537506.jpg,357991,3,car,105.02,49.32,227.4,124.2,28243.08,240000,0.1176795,large
365745,000000365745.jpg,data/coco/val2017/000000365745.jpg,398241,8,truck,140.22,135.98,404.5,249.17,100789.265,307200,0.3280900553385417,large
423617,000000423617.jpg,data/coco/val2017/000000423617.jpg,163705,6,bus,150.34,118.22,292.08,221.21,64611.0168,307200,0.2103223203125,large
291634,000000291634.jpg,data/coco/val2017/000000291634.jpg,128292,2,bicycle,40.0,311.03,368.28,260.69,96006.9132,277120,0.3464452699191686,large
202339,000000202339.jpg,data/coco/val2017/000000202339.jpg,366342,6,bus,0.0,0.0,83.42,327.91,27354.252200000003,307200,0.08904378971354167,large
165681,000000165681.jpg,data/coco/val2017/000000165681.jpg,900400165681,4,motorcycle,20.0,112.0,619.0,331.0,204889.0,284160,0.7210339245495495,large
429109,000000429109.jpg,data/coco/val2017/000000429109.jpg,2049774,6,bus,108.35,249.45,267.39,151.89,40613.867099999996,273280,0.1486163169642857,large
299887,000000299887.jpg,data/coco/val2017/000000299887.jpg,365278,4,motorcycle,5.41,130.27,314.59,344.87,108492.65329999999,307200,0.3531661891276041,large
524108,000000524108.jpg,data/coco/val2017/000000524108.jpg,154368,4,motorcycle,90.4,7.81,282.24,113.89,32144.3136,256000,0.12556372500000001,large
171298,000000171298.jpg,data/coco/val2017/000000171298.jpg,365908,6,bus,158.56,63.64,372.14,379.69,141297.83659999998,307200,0.4599538951822916,large
456394,000000456394.jpg,data/coco/val2017/000000456394.jpg,151275,4,motorcycle,4.0,0.53,192.5,120.0,23100.0,38720,0.5965909090909091,large
181542,000000181542.jpg,data/coco/val2017/000000181542.jpg,149762,4,motorcycle,10.35,256.24,350.62,155.83,54637.11460000001,384000,0.14228415260416669,large
148719,000000148719.jpg,data/coco/val2017/000000148719.jpg,399477,8,truck,0.0,108.19,259.02,211.52,54787.9104,307200,0.1783460625,large
357737,000000357737.jpg,data/coco/val2017/000000357737.jpg,125105,2,bicycle,45.42,136.26,362.32,329.29,119308.35280000001,307200,0.38837354427083337,large
550691,000000550691.jpg,data/coco/val2017/000000550691.jpg,167974,6,bus,5.39,216.81,161.8,108.94,17626.492000000002,307200,0.05737790364583334,large
301061,000000301061.jpg,data/coco/val2017/000000301061.jpg,1197200,8,truck,0.0,3.88,480.0,625.61,300292.8,307200,0.977515625,large
508602,000000508602.jpg,data/coco/val2017/000000508602.jpg,131723,3,car,1.85,251.93,498.15,172.52,85940.838,214500,0.4006565874125874,large
463647,000000463647.jpg,data/coco/val2017/000000463647.jpg,1372250,8,truck,452.36,63.3,187.64,155.51,29179.896399999998,307200,0.09498664192708332,large
157365,000000157365.jpg,data/coco/val2017/000000157365.jpg,344442,3,car,1.53,193.05,123.95,183.42,22734.909,273280,0.08319272906908665,large
142585,000000142585.jpg,data/coco/val2017/000000142585.jpg,1797641,8,truck,170.22,264.44,191.32,179.37,34317.0684,187500,0.18302436479999998,large
33854,000000033854.jpg,data/coco/val2017/000000033854.jpg,244761,3,car,0.96,217.83,268.32,202.92,54447.494399999996,273280,0.19923702576112412,large
454661,000000454661.jpg,data/coco/val2017/000000454661.jpg,163954,6,bus,249.91,121.93,167.76,101.29,16992.4104,273280,0.06217948770491803,large
162858,000000162858.jpg,data/coco/val2017/000000162858.jpg,1356264,3,car,50.42,345.2,157.77,131.98,20822.4846,273920,0.07601666398948598,large
465675,000000465675.jpg,data/coco/val2017/000000465675.jpg,1197909,8,truck,341.33,165.0,170.85,107.54,18373.209,257920,0.07123607707816376,large
273551,000000273551.jpg,data/coco/val2017/000000273551.jpg,1791728,4,motorcycle,49.65,191.83,423.15,258.4,109341.95999999998,292480,0.3738442286652078,large
446651,000000446651.jpg,data/coco/val2017/000000446651.jpg,149292,4,motorcycle,491.1,231.67,148.9,189.54,28222.506,272640,0.10351564700704226,large
401862,000000401862.jpg,data/coco/val2017/000000401862.jpg,2051513,8,truck,380.69,139.9,160.26,100.98,16183.0548,307200,0.05267921484375,large
89556,000000089556.jpg,data/coco/val2017/000000089556.jpg,1773942,3,car,1.13,166.02,295.91,220.24,65171.218400000005,307200,0.2121458932291667,large
463730,000000463730.jpg,data/coco/val2017/000000463730.jpg,137939,3,car,511.66,186.35,128.34,137.12,17597.9808,273280,0.06439542154566745,large
296224,000000296224.jpg,data/coco/val2017/000000296224.jpg,162975,6,bus,53.33,31.93,530.07,439.73,233087.68110000005,307200,0.7587489619140626,large
454978,000000454978.jpg,data/coco/val2017/000000454978.jpg,149364,4,motorcycle,124.6,212.87,112.87,161.62,18242.0494,256000,0.07125800546875,large
70774,000000070774.jpg,data/coco/val2017/000000070774.jpg,148611,4,motorcycle,80.22,154.72,344.78,229.21,79027.0238,272000,0.29054052867647057,large
538364,000000538364.jpg,data/coco/val2017/000000538364.jpg,139223,3,car,261.52,138.4,138.84,130.23,18081.1332,307200,0.05885785546875,large
572956,000000572956.jpg,data/coco/val2017/000000572956.jpg,155223,4,motorcycle,329.66,9.9,125.89,232.51,29270.6839,166500,0.1757999033033033,large
574425,000000574425.jpg,data/coco/val2017/000000574425.jpg,365983,6,bus,164.31,22.67,456.63,360.67,164692.7421,270080,0.6097924396475118,large
228942,000000228942.jpg,data/coco/val2017/000000228942.jpg,353634,3,car,0.94,133.06,379.93,165.43,62851.8199,204160,0.3078557009208464,large
114770,000000114770.jpg,data/coco/val2017/000000114770.jpg,131776,3,car,148.2,139.39,385.67,195.0,75205.65000000001,257920,0.29158518145161294,large
144333,000000144333.jpg,data/coco/val2017/000000144333.jpg,344081,2,bicycle,74.62,272.65,278.38,353.0,98268.14,272640,0.3604318515258216,large
151962,000000151962.jpg,data/coco/val2017/000000151962.jpg,140014,3,car,65.37,97.67,405.06,373.98,151484.3388,306560,0.49414254566805843,large
144300,000000144300.jpg,data/coco/val2017/000000144300.jpg,1373381,8,truck,0.0,0.96,320.49,231.25,74113.3125,273280,0.27119918215749417,large
204186,000000204186.jpg,data/coco/val2017/000000204186.jpg,1791847,4,motorcycle,337.41,108.23,173.71,108.57,18859.6947,328320,0.057443027229532165,large
176037,000000176037.jpg,data/coco/val2017/000000176037.jpg,165411,6,bus,274.35,127.61,264.43,199.09,52645.3687,275840,0.19085472991589328,large
336232,000000336232.jpg,data/coco/val2017/000000336232.jpg,900300336232,3,car,98.0,1.0,541.0,292.0,157972.0,273280,0.5780591334894614,large
41633,000000041633.jpg,data/coco/val2017/000000041633.jpg,396434,8,truck,8.33,173.79,563.36,250.14,140918.87039999999,274560,0.5132534615384615,large
491213,000000491213.jpg,data/coco/val2017/000000491213.jpg,139497,3,car,60.27,81.36,243.23,162.51,39527.30729999999,307200,0.12866962011718747,large
89556,000000089556.jpg,data/coco/val2017/000000089556.jpg,1797893,8,truck,321.15,127.77,306.49,200.52,61457.374800000005,307200,0.20005655859375002,large
